Resort ID,Adult,Currency
1,55.0,European Euro
2,53.0,European Euro
3,49.0,European Euro
4,53.0,European Euro
5,51.0,European Euro
6,53.0,European Euro
8,52.0,European Euro
10,53.0,European Euro
12,52.0,European Euro
14,52.0,European Euro
17,51.0,European Euro
18,45.0,European Euro
19,51.0,European Euro
20,52.0,European Euro
22,46.0,European Euro
24,50.0,European Euro
25,45.0,European Euro
27,41.0,European Euro
28,47.0,European Euro
29,39.0,European Euro
30,47.0,European Euro
33,42.0,European Euro
34,44.0,European Euro
36,52.0,European Euro
39,41.0,European Euro
40,44.0,European Euro
42,40.0,European Euro
44,39.0,European Euro
47,47.0,European Euro
51,50.0,European Euro
52,47.0,European Euro
53,41.0,European Euro
55,44.0,European Euro
58,41.0,European Euro
59,44.0,European Euro
60,43.0,European Euro
61,47.0,European Euro
62,44.0,European Euro
65,41.0,European Euro
67,43.0,European Euro
69,41.0,European Euro
71,46.0,European Euro
73,43.0,European Euro
76,39.0,European Euro
77,37.0,European Euro
79,52.0,European Euro
80,44.0,European Euro
82,42.0,European Euro
83,40.0,European Euro
85,38.0,European Euro
87,38.0,European Euro
88,39.0,European Euro
89,44.0,European Euro
90,47.0,European Euro
94,33.0,European Euro
95,35.0,European Euro
98,41.0,European Euro
99,36.0,European Euro
101,36.0,European Euro
102,36.0,European Euro
103,41.0,European Euro
106,35.0,European Euro
109,43.0,European Euro
111,39.0,European Euro
115,37.0,European Euro
116,37.0,European Euro
117,38.0,European Euro
118,32.0,European Euro
119,40.0,European Euro
120,39.0,European Euro
122,44.0,European Euro
123,48.0,European Euro
125,28.0,European Euro
127,36.0,European Euro
129,38.0,European Euro
131,36.0,European Euro
134,26.0,European Euro
135,30.0,European Euro
136,41.0,European Euro
137,38.0,European Euro
138,35.0,European Euro
139,37.0,European Euro
141,20.0,European Euro
143,18.0,European Euro
144,0.0,-
146,0.0,-
147,14.0,European Euro
148,13.0,European Euro
149,31.0,European Euro
150,18.0,European Euro
153,22.0,European Euro
154,19.0,European Euro
156,0.0,-
157,16.0,European Euro
158,9.0,European Euro
160,0.0,-
161,0.0,-
162,0.0,-
163,0.0,-
166,0.0,-
167,0.0,-
168,20.0,European Euro
169,0.0,-
170,0.0,-
171,35.0,European Euro
172,0.0,-
173,28.0,European Euro
174,14.0,European Euro
175,22.0,European Euro
177,0.0,-
178,11.0,European Euro
179,0.0,-
180,0.0,-
181,41.0,European Euro
182,0.0,-
183,0.0,-
184,0.0,-
185,32.0,European Euro
186,0.0,-
187,34.0,European Euro
188,0.0,-
189,24.0,European Euro
190,7.0,European Euro
191,0.0,-
192,0.0,-
193,9.0,European Euro
194,0.0,-
195,0.0,-
196,0.0,-
197,17.0,European Euro
199,22.0,European Euro
201,17.0,European Euro
202,47.0,European Euro
204,0.0,-
205,0.0,-
206,17.0,European Euro
207,10.0,European Euro
208,0.0,-
209,8.0,European Euro
210,20.0,European Euro
211,29.0,European Euro
212,0.0,-
213,0.0,-
214,24.0,European Euro
215,32.0,European Euro
216,25.0,European Euro
217,0.0,-
218,17.0,European Euro
219,28.0,European Euro
220,52.0,European Euro
221,33.0,European Euro
222,14.0,European Euro
223,23.0,European Euro
224,0.0,-
225,36.0,European Euro
226,0.0,-
227,9.0,European Euro
228,19.0,European Euro
229,18.0,European Euro
230,0.0,-
231,0.0,-
232,0.0,-
233,22.0,European Euro
234,36.0,European Euro
235,0.0,-
236,0.0,-
238,0.0,-
239,30.0,European Euro
240,27.0,European Euro
243,0.0,-
244,33.0,European Euro
245,28.0,European Euro
246,16.0,European Euro
247,16.0,European Euro
248,31.0,European Euro
250,17.0,European Euro
251,28.0,European Euro
252,32.0,European Euro
253,0.0,-
254,33.0,European Euro
255,22.0,European Euro
256,34.0,European Euro
257,0.0,-
258,20.0,European Euro
260,0.0,-
261,19.0,European Euro
262,20.0,European Euro
263,0.0,-
265,0.0,-
267,26.0,European Euro
268,0.0,-
269,0.0,-
270,39.0,European Euro
272,10.0,European Euro
273,0.0,-
274,0.0,-
275,20.0,European Euro
277,0.0,-
278,18.0,European Euro
279,23.0,European Euro
280,20.0,European Euro
282,25.0,European Euro
283,0.0,-
284,32.0,European Euro
286,18.0,European Euro
287,0.0,-
288,33.0,European Euro
289,0.0,-
290,37.0,European Euro
292,15.0,European Euro
293,15.0,European Euro
294,25.0,European Euro
295,0.0,-
296,29.0,European Euro
297,18.0,European Euro
298,0.0,-
299,0.0,-
300,39.0,European Euro
302,0.0,-
303,17.0,European Euro
304,19.0,European Euro
305,0.0,-
306,21.0,European Euro
307,9.0,European Euro
308,9.0,European Euro
309,0.0,-
310,0.0,-
311,0.0,-
312,10.0,European Euro
313,19.0,European Euro
314,8.0,European Euro
318,10.0,European Euro
319,15.0,European Euro
320,32.0,European Euro
321,32.0,European Euro
323,26.0,European Euro
324,0.0,-
325,0.0,-
327,0.0,-
328,30.0,European Euro
329,0.0,-
330,0.0,-
331,10.0,European Euro
332,20.0,European Euro
333,13.0,European Euro
334,15.0,European Euro
335,0.0,-
336,0.0,-
337,14.0,European Euro
339,0.0,-
340,19.0,European Euro
341,7.0,European Euro
342,15.0,European Euro
343,34.0,European Euro
344,24.0,European Euro
345,0.0,-
346,22.0,European Euro
347,0.0,-
348,12.0,European Euro
352,0.0,-
353,26.0,European Euro
355,5.0,European Euro
356,0.0,-
357,33.0,European Euro
358,17.0,European Euro
359,37.0,European Euro
360,22.0,European Euro
361,0.0,-
362,10.0,European Euro
363,19.0,European Euro
364,13.0,European Euro
365,0.0,-
366,18.0,European Euro
368,24.0,European Euro
370,14.0,European Euro
371,30.0,European Euro
372,0.0,-
374,24.0,European Euro
375,30.0,European Euro
376,8.0,European Euro
378,18.0,European Euro
380,26.0,European Euro
381,13.0,European Euro
382,11.0,European Euro
383,11.0,European Euro
384,35.0,European Euro
386,0.0,-
388,16.0,European Euro
389,22.0,European Euro
390,0.0,-
391,23.0,European Euro
393,0.0,-
394,22.0,European Euro
395,23.0,European Euro
396,0.0,-
397,14.0,European Euro
398,0.0,-
400,0.0,-
402,13.0,European Euro
403,17.0,European Euro
404,20.0,European Euro
406,11.0,European Euro
407,20.0,European Euro
409,0.0,-
410,0.0,-
412,18.0,European Euro
414,12.0,European Euro
415,18.0,European Euro
416,0.0,-
417,29.0,European Euro
419,22.0,European Euro
420,44.0,European Euro
421,0.0,-
422,0.0,-
424,10.0,European Euro
425,18.0,European Euro
426,15.0,European Euro
427,30.0,European Euro
428,5.0,European Euro
429,10.0,European Euro
430,10.0,European Euro
433,30.0,European Euro
434,90.0,Swiss Franc
435,94.8,Swiss Franc
436,93.6,Swiss Franc
437,110.39999999999999,Swiss Franc
438,72.0,Swiss Franc
439,0.0,-
440,76.8,Swiss Franc
441,68.39999999999999,Swiss Franc
442,78.0,Swiss Franc
443,90.0,Swiss Franc
444,52.0,European Euro
445,69.6,Swiss Franc
446,69.6,Swiss Franc
447,79.2,Swiss Franc
448,76.8,Swiss Franc
449,84.0,Swiss Franc
450,94.8,Swiss Franc
451,76.8,Swiss Franc
452,87.6,Swiss Franc
453,75.6,Swiss Franc
454,60.0,Swiss Franc
455,64.8,Swiss Franc
456,66.0,Swiss Franc
457,63.599999999999994,Swiss Franc
458,66.0,Swiss Franc
459,68.39999999999999,Swiss Franc
460,67.2,Swiss Franc
461,73.2,Swiss Franc
462,57.599999999999994,Swiss Franc
463,70.8,Swiss Franc
464,67.2,Swiss Franc
465,82.8,Swiss Franc
466,76.8,Swiss Franc
467,67.2,Swiss Franc
468,62.4,Swiss Franc
469,0.0,-
470,80.39999999999999,Swiss Franc
471,68.39999999999999,Swiss Franc
472,66.0,Swiss Franc
473,60.0,Swiss Franc
474,61.199999999999996,Swiss Franc
475,75.6,Swiss Franc
476,75.6,Swiss Franc
477,67.2,Swiss Franc
478,67.2,Swiss Franc
479,62.4,Swiss Franc
480,52.8,Swiss Franc
481,70.8,Swiss Franc
482,62.4,Swiss Franc
483,69.6,Swiss Franc
484,64.8,Swiss Franc
485,58.8,Swiss Franc
486,62.4,Swiss Franc
487,61.199999999999996,Swiss Franc
488,60.0,Swiss Franc
489,62.4,Swiss Franc
490,51.6,Swiss Franc
491,51.6,Swiss Franc
492,66.0,Swiss Franc
493,75.6,Swiss Franc
494,75.6,Swiss Franc
495,58.8,Swiss Franc
496,45.6,Swiss Franc
497,54.0,Swiss Franc
498,44.4,Swiss Franc
499,50.4,Swiss Franc
500,57.599999999999994,Swiss Franc
501,54.0,Swiss Franc
502,0.0,-
503,54.0,Swiss Franc
504,58.8,Swiss Franc
505,0.0,-
506,61.199999999999996,Swiss Franc
507,46.8,Swiss Franc
508,46.8,Swiss Franc
509,48.0,Swiss Franc
510,50.4,Swiss Franc
511,75.6,Swiss Franc
512,52.8,Swiss Franc
513,42.0,Swiss Franc
514,46.8,Swiss Franc
515,51.6,Swiss Franc
516,62.4,Swiss Franc
517,51.6,Swiss Franc
518,46.8,Swiss Franc
519,57.599999999999994,Swiss Franc
520,52.8,Swiss Franc
521,66.0,Swiss Franc
522,46.8,Swiss Franc
523,39.6,Swiss Franc
524,62.4,Swiss Franc
525,36.0,Swiss Franc
526,46.8,Swiss Franc
527,48.0,Swiss Franc
528,33.6,Swiss Franc
529,43.199999999999996,Swiss Franc
530,46.8,Swiss Franc
531,42.0,Swiss Franc
532,38.4,Swiss Franc
533,39.6,Swiss Franc
534,0.0,-
535,32.4,Swiss Franc
536,42.0,Swiss Franc
537,19.2,Swiss Franc
538,12.0,Swiss Franc
539,42.0,Swiss Franc
540,38.4,Swiss Franc
541,55.199999999999996,Swiss Franc
542,26.4,Swiss Franc
543,38.4,Swiss Franc
544,37.199999999999996,Swiss Franc
545,21.599999999999998,Swiss Franc
546,18.0,Swiss Franc
547,0.0,-
548,0.0,-
549,45.6,Swiss Franc
550,25.2,Swiss Franc
551,14.399999999999999,Swiss Franc
552,12.0,Swiss Franc
553,0.0,-
554,26.4,Swiss Franc
555,51.6,Swiss Franc
556,13.2,Swiss Franc
557,36.0,Swiss Franc
558,39.6,Swiss Franc
559,34.8,Swiss Franc
560,45.6,Swiss Franc
561,42.0,Swiss Franc
562,28.799999999999997,Swiss Franc
563,28.799999999999997,Swiss Franc
564,18.0,Swiss Franc
565,18.0,Swiss Franc
566,30.0,Swiss Franc
567,42.0,Swiss Franc
568,32.4,Swiss Franc
569,0.0,-
570,9.6,Swiss Franc
571,21.599999999999998,Swiss Franc
572,40.8,Swiss Franc
573,9.6,Swiss Franc
574,32.4,Swiss Franc
575,52.8,Swiss Franc
576,16.8,Swiss Franc
577,58.8,Swiss Franc
578,39.6,Swiss Franc
579,45.6,Swiss Franc
580,38.4,Swiss Franc
581,0.0,-
582,42.0,Swiss Franc
583,50.4,Swiss Franc
584,34.8,Swiss Franc
585,24.0,Swiss Franc
586,21.599999999999998,Swiss Franc
587,0.0,-
588,19.2,Swiss Franc
589,28.799999999999997,Swiss Franc
590,0.0,-
591,70.8,Swiss Franc
592,43.199999999999996,Swiss Franc
593,30.0,Swiss Franc
594,24.0,Swiss Franc
595,6.0,Swiss Franc
596,0.0,-
597,26.4,Swiss Franc
598,46.8,Swiss Franc
599,36.0,Swiss Franc
600,0.0,-
601,40.8,Swiss Franc
602,0.0,-
603,30.0,Swiss Franc
604,6.0,Swiss Franc
605,0.0,-
606,42.0,Swiss Franc
607,0.0,-
608,24.0,Swiss Franc
609,24.0,Swiss Franc
610,54.0,Swiss Franc
611,33.6,Swiss Franc
612,30.0,Swiss Franc
613,33.6,Swiss Franc
614,75.6,Swiss Franc
615,30.0,Swiss Franc
616,30.0,Swiss Franc
617,30.0,Swiss Franc
618,38.4,Swiss Franc
619,12.0,Swiss Franc
620,24.0,Swiss Franc
621,18.0,Swiss Franc
622,22.8,Swiss Franc
623,39.6,Swiss Franc
624,50.4,Swiss Franc
625,38.4,Swiss Franc
626,38.4,Swiss Franc
627,3.5999999999999996,Swiss Franc
628,24.0,Swiss Franc
629,30.0,Swiss Franc
630,0.0,-
631,33.6,Swiss Franc
632,0.0,-
633,18.0,Swiss Franc
634,0.0,-
635,0.0,-
636,28.799999999999997,Swiss Franc
637,32.4,Swiss Franc
638,36.0,Swiss Franc
639,14.399999999999999,Swiss Franc
640,0.0,-
641,75.6,Swiss Franc
642,32.4,Swiss Franc
643,0.0,-
644,0.0,-
645,33.6,Swiss Franc
646,0.0,-
647,25.2,Swiss Franc
648,21.599999999999998,Swiss Franc
649,6.0,Swiss Franc
650,0.0,-
651,38.4,Swiss Franc
652,16.8,Swiss Franc
653,28.799999999999997,Swiss Franc
654,34.8,Swiss Franc
655,6.0,Swiss Franc
656,38.4,Swiss Franc
657,12.0,Swiss Franc
658,36.0,Swiss Franc
659,19.2,Swiss Franc
660,32.4,Swiss Franc
661,18.0,Swiss Franc
662,25.2,Swiss Franc
663,0.0,-
664,48.0,Swiss Franc
665,45.6,Swiss Franc
666,19.2,Swiss Franc
667,21.599999999999998,Swiss Franc
668,26.4,Swiss Franc
669,38.4,Swiss Franc
670,12.0,Swiss Franc
671,26.4,Swiss Franc
672,0.0,-
673,33.6,Swiss Franc
674,48.0,Swiss Franc
675,19.2,Swiss Franc
676,18.0,Swiss Franc
677,24.0,Swiss Franc
678,0.0,-
679,0.0,-
680,33.6,Swiss Franc
681,26.4,Swiss Franc
682,34.8,Swiss Franc
683,30.0,Swiss Franc
684,26.4,Swiss Franc
685,0.0,-
686,31.2,Swiss Franc
687,38.4,Swiss Franc
688,28.799999999999997,Swiss Franc
689,19.2,Swiss Franc
690,55.199999999999996,Swiss Franc
691,0.0,-
692,25.2,Swiss Franc
693,9.6,Swiss Franc
694,16.8,Swiss Franc
695,31.2,Swiss Franc
696,34.8,Swiss Franc
697,26.4,Swiss Franc
698,0.0,-
699,75.6,Swiss Franc
700,0.0,-
701,0.0,-
702,60.0,Swiss Franc
703,40.8,Swiss Franc
704,42.0,Swiss Franc
705,18.0,Swiss Franc
706,37.199999999999996,Swiss Franc
707,48.0,Swiss Franc
708,0.0,-
709,48.0,Swiss Franc
710,0.0,-
711,43.199999999999996,Swiss Franc
712,12.0,Swiss Franc
713,18.0,Swiss Franc
714,54.0,Swiss Franc
715,0.0,-
716,0.0,-
717,42.0,Swiss Franc
718,21.599999999999998,Swiss Franc
719,9.6,Swiss Franc
720,42.0,Swiss Franc
721,36.0,Swiss Franc
722,19.2,Swiss Franc
723,24.0,Swiss Franc
724,38.4,Swiss Franc
725,33.6,Swiss Franc
726,33.6,Swiss Franc
727,14.399999999999999,Swiss Franc
728,36.0,Swiss Franc
729,40.8,Swiss Franc
731,32.4,Swiss Franc
732,24.0,Swiss Franc
733,0.0,-
734,33.6,Swiss Franc
735,0.0,-
736,37.199999999999996,Swiss Franc
737,0.0,-
738,33.6,Swiss Franc
739,12.0,Swiss Franc
740,12.0,Swiss Franc
741,42.0,Swiss Franc
742,0.0,-
743,36.0,Swiss Franc
744,0.0,-
745,39.6,Swiss Franc
746,16.8,Swiss Franc
747,0.0,-
748,12.0,Swiss Franc
749,34.8,Swiss Franc
750,0.0,-
751,30.0,Swiss Franc
752,30.0,Swiss Franc
753,40.8,Swiss Franc
754,32.4,Swiss Franc
755,0.0,-
756,36.0,Swiss Franc
757,46.8,Swiss Franc
758,28.799999999999997,Swiss Franc
759,0.0,-
760,0.0,-
761,26.4,Swiss Franc
762,0.0,-
763,18.0,Swiss Franc
764,42.0,Swiss Franc
765,43.199999999999996,Swiss Franc
766,6.0,Swiss Franc
767,54.0,European Euro
768,52.0,European Euro
769,55.0,European Euro
770,48.0,European Euro
772,53.0,European Euro
773,54.0,European Euro
774,43.0,European Euro
775,54.0,European Euro
776,41.0,European Euro
778,46.0,European Euro
779,43.0,European Euro
781,49.0,European Euro
782,50.0,European Euro
783,48.0,European Euro
784,41.0,European Euro
785,50.0,European Euro
786,45.0,European Euro
787,46.0,European Euro
788,39.0,European Euro
789,48.0,European Euro
790,46.0,European Euro
791,43.0,European Euro
792,54.0,European Euro
793,48.0,European Euro
794,38.0,European Euro
796,48.0,European Euro
797,39.0,European Euro
798,38.0,European Euro
799,50.0,European Euro
800,41.0,European Euro
801,45.0,European Euro
802,38.0,European Euro
803,41.0,European Euro
804,35.0,European Euro
806,37.0,European Euro
807,41.0,European Euro
808,41.0,European Euro
809,41.0,European Euro
810,34.0,European Euro
811,36.0,European Euro
812,39.0,European Euro
813,34.0,European Euro
814,42.0,European Euro
815,36.0,European Euro
816,41.0,European Euro
817,40.0,European Euro
818,35.0,European Euro
819,47.0,European Euro
820,31.0,European Euro
821,0.0,-
822,33.0,European Euro
823,35.0,European Euro
824,35.0,European Euro
825,35.0,European Euro
826,28.0,European Euro
827,30.0,European Euro
828,40.0,European Euro
829,29.0,European Euro
830,23.0,European Euro
832,24.0,European Euro
834,33.0,European Euro
835,27.0,European Euro
836,0.0,-
837,54.0,European Euro
838,30.0,European Euro
839,29.0,European Euro
840,27.0,European Euro
841,44.0,European Euro
842,51.0,European Euro
843,22.0,European Euro
844,35.0,European Euro
845,30.0,European Euro
846,27.0,European Euro
847,22.0,European Euro
848,35.0,European Euro
849,21.0,European Euro
850,27.0,European Euro
851,36.0,European Euro
852,30.0,European Euro
853,34.0,European Euro
854,0.0,-
855,30.0,European Euro
856,31.0,European Euro
857,19.0,European Euro
858,19.0,European Euro
859,28.0,European Euro
860,28.0,European Euro
861,36.0,European Euro
862,28.0,European Euro
863,26.0,European Euro
864,33.0,European Euro
865,30.0,European Euro
866,25.0,European Euro
867,20.0,European Euro
868,30.0,European Euro
870,22.0,European Euro
871,29.0,European Euro
872,15.0,European Euro
873,15.0,European Euro
874,20.0,European Euro
875,10.0,European Euro
876,14.0,European Euro
877,25.0,European Euro
878,20.0,European Euro
879,10.0,European Euro
880,0.0,-
881,50.0,European Euro
882,0.0,-
883,0.0,-
884,9.0,European Euro
885,0.0,-
886,0.0,-
887,25.0,European Euro
888,0.0,-
889,0.0,-
890,15.0,European Euro
891,27.0,European Euro
892,0.0,-
893,20.0,European Euro
894,18.0,European Euro
895,26.0,European Euro
896,20.0,European Euro
897,15.0,European Euro
898,20.0,European Euro
899,18.0,European Euro
900,20.0,European Euro
901,0.0,-
902,13.0,European Euro
903,28.0,European Euro
904,25.0,European Euro
905,19.0,European Euro
906,0.0,-
907,25.0,European Euro
908,0.0,-
909,10.0,European Euro
910,23.0,European Euro
911,15.0,European Euro
912,0.0,-
913,23.0,European Euro
914,0.0,-
915,26.0,European Euro
916,28.0,European Euro
917,0.0,-
918,0.0,-
919,0.0,-
920,20.0,European Euro
921,22.0,European Euro
922,30.0,European Euro
923,30.0,European Euro
924,0.0,-
925,20.0,European Euro
926,13.0,European Euro
927,20.0,European Euro
928,0.0,-
929,18.0,European Euro
930,41.0,European Euro
931,0.0,-
932,20.0,European Euro
933,15.0,European Euro
934,41.0,European Euro
935,0.0,-
936,18.0,European Euro
937,0.0,-
938,18.0,European Euro
939,12.0,European Euro
940,0.0,-
941,25.0,European Euro
942,0.0,-
943,0.0,-
944,0.0,-
945,23.0,European Euro
946,0.0,-
947,23.0,European Euro
948,23.0,European Euro
949,0.0,-
950,0.0,-
951,15.0,European Euro
952,21.0,European Euro
953,0.0,-
954,0.0,-
955,35.0,European Euro
956,16.0,European Euro
957,18.0,European Euro
958,25.0,European Euro
959,22.0,European Euro
960,48.0,European Euro
961,25.0,European Euro
962,0.0,-
963,0.0,-
964,22.0,European Euro
965,0.0,-
966,0.0,-
967,0.0,-
968,20.0,European Euro
969,10.0,European Euro
970,28.0,European Euro
971,0.0,-
972,0.0,-
973,0.0,-
974,0.0,-
975,24.0,European Euro
976,0.0,-
977,16.0,European Euro
978,0.0,-
979,0.0,-
980,0.0,-
981,0.0,-
982,25.0,European Euro
983,35.0,European Euro
984,50.0,European Euro
985,15.0,European Euro
986,16.0,European Euro
987,23.0,European Euro
988,15.0,European Euro
989,31.0,European Euro
990,0.0,-
991,14.0,European Euro
992,19.0,European Euro
993,0.0,-
994,36.0,European Euro
995,25.0,European Euro
996,25.0,European Euro
998,18.0,European Euro
999,23.0,European Euro
1000,12.0,European Euro
1001,16.0,European Euro
1002,28.0,European Euro
1003,26.0,European Euro
1004,12.0,European Euro
1005,25.0,European Euro
1006,19.0,European Euro
1007,20.0,European Euro
1008,0.0,-
1009,22.0,European Euro
1010,0.0,-
1011,0.0,-
1012,31.0,European Euro
1013,25.0,European Euro
1014,0.0,-
1015,20.0,European Euro
1016,22.0,European Euro
1017,22.0,European Euro
1018,32.0,European Euro
1019,27.0,European Euro
1020,17.0,European Euro
1021,19.0,European Euro
1022,37.0,European Euro
1023,24.0,European Euro
1025,22.0,European Euro
1026,28.0,European Euro
1027,10.0,European Euro
1029,0.0,-
1030,28.0,European Euro
1031,28.0,European Euro
1032,20.0,European Euro
1033,20.0,European Euro
1034,18.0,European Euro
1035,15.0,European Euro
1036,10.0,European Euro
1037,15.0,European Euro
1038,21.0,European Euro
1039,10.0,European Euro
1040,17.0,European Euro
1041,0.0,-
1042,16.0,European Euro
1043,23.0,European Euro
1044,23.0,European Euro
1045,21.0,European Euro
1046,0.0,-
1047,0.0,-
1048,0.0,-
1049,0.0,-
1050,14.0,European Euro
1051,0.0,-
1052,27.0,European Euro
1053,0.0,-
1054,19.0,European Euro
1055,0.0,-
1056,0.0,-
1057,25.0,European Euro
1058,61.0,European Euro
1059,57.0,European Euro
1061,52.0,European Euro
1062,50.0,European Euro
1063,42.0,European Euro
1066,52.0,European Euro
1067,47.0,European Euro
1069,39.0,European Euro
1078,36.0,European Euro
1081,39.0,European Euro
1085,43.0,European Euro
1087,34.0,European Euro
1092,30.0,European Euro
1094,35.0,European Euro
1098,37.0,European Euro
1099,30.0,European Euro
1102,34.0,European Euro
1103,28.0,European Euro
1104,29.0,European Euro
1106,28.0,European Euro
1107,31.0,European Euro
1108,28.0,European Euro
1109,32.0,European Euro
1111,39.0,European Euro
1112,22.0,European Euro
1113,21.0,European Euro
1115,37.0,European Euro
1116,28.0,European Euro
1118,28.0,European Euro
1127,22.0,European Euro
1129,27.0,European Euro
1130,28.0,European Euro
1134,19.0,European Euro
1135,17.0,European Euro
1139,28.0,European Euro
1140,35.0,European Euro
1142,24.0,European Euro
1147,21.0,European Euro
1148,0.0,-
1152,25.0,European Euro
1153,18.0,European Euro
1155,32.0,European Euro
1156,17.0,European Euro
1157,21.0,European Euro
1159,16.0,European Euro
1160,23.0,European Euro
1162,19.0,European Euro
1163,19.0,European Euro
1165,16.0,European Euro
1166,70.0,European Euro
1167,60.0,European Euro
1169,0.0,-
1171,19.0,European Euro
1172,18.0,European Euro
1173,13.0,European Euro
1174,14.0,European Euro
1175,16.0,European Euro
1177,16.0,European Euro
1179,19.0,European Euro
1180,23.0,European Euro
1183,15.0,European Euro
1184,14.0,European Euro
1185,14.0,European Euro
1186,13.0,European Euro
1187,12.0,European Euro
1188,7.0,European Euro
1189,12.0,European Euro
1190,0.0,-
1191,18.0,European Euro
1192,29.0,European Euro
1195,12.0,European Euro
1196,29.0,European Euro
1197,37.199999999999996,Swiss Franc
1198,12.0,European Euro
1199,17.0,European Euro
1200,20.0,European Euro
1201,18.0,European Euro
1202,0.0,-
1204,24.0,European Euro
1205,20.0,European Euro
1206,0.0,-
1207,0.0,-
1208,20.0,European Euro
1209,17.0,European Euro
1210,16.0,European Euro
1211,16.0,European Euro
1212,12.0,European Euro
1213,12.0,European Euro
1214,14.0,European Euro
1215,19.0,European Euro
1216,0.0,-
1217,49.0,European Euro
1219,15.0,European Euro
1220,13.0,European Euro
1221,15.0,European Euro
1222,21.0,European Euro
1223,18.0,European Euro
1226,19.0,European Euro
1227,15.0,European Euro
1229,15.0,European Euro
1231,0.0,-
1233,7.0,European Euro
1234,12.0,European Euro
1235,11.0,European Euro
1236,16.0,European Euro
1237,10.0,European Euro
1238,0.0,-
1239,13.0,European Euro
1240,17.0,European Euro
1242,15.0,European Euro
1243,11.0,European Euro
1244,11.0,European Euro
1245,19.0,European Euro
1246,13.0,European Euro
1247,14.0,European Euro
1248,17.0,European Euro
1249,11.0,European Euro
1250,15.0,European Euro
1252,15.0,European Euro
1253,15.0,European Euro
1258,0.0,-
1259,6.0,European Euro
1260,16.0,European Euro
1261,30.0,European Euro
1262,5.0,European Euro
1265,0.0,-
1266,28.0,European Euro
1267,15.0,European Euro
1268,14.0,European Euro
1269,17.0,European Euro
1270,12.0,European Euro
1271,10.0,European Euro
1272,9.0,European Euro
1273,18.0,European Euro
1274,0.0,-
1275,0.0,-
1276,12.0,European Euro
1278,18.0,European Euro
1279,0.0,-
1280,19.0,European Euro
1281,15.0,European Euro
1282,11.0,European Euro
1283,35.0,European Euro
1284,23.0,European Euro
1285,27.0,European Euro
1286,20.0,European Euro
1287,26.0,European Euro
1290,0.0,-
1291,11.0,European Euro
1293,14.0,European Euro
1294,21.0,European Euro
1296,0.0,-
1297,19.0,European Euro
1300,11.0,European Euro
1301,12.0,European Euro
1302,20.0,European Euro
1303,10.0,European Euro
1304,15.0,European Euro
1305,11.0,European Euro
1306,15.0,European Euro
1307,23.0,European Euro
1308,10.0,European Euro
1309,49.0,European Euro
1310,38.0,European Euro
1314,44.0,European Euro
1315,44.0,European Euro
1316,38.0,European Euro
1317,10.0,European Euro
1318,0.0,-
1319,26.0,European Euro
1320,33.0,European Euro
1321,24.0,European Euro
1322,35.0,European Euro
1323,27.0,European Euro
1324,25.0,European Euro
1325,20.0,European Euro
1326,40.0,European Euro
1327,30.0,European Euro
1328,38.0,European Euro
1329,25.0,European Euro
1330,34.0,European Euro
1331,25.0,European Euro
1332,0.0,-
1333,25.0,European Euro
1334,8.0,European Euro
1335,28.0,European Euro
1336,20.0,European Euro
1337,35.0,European Euro
1338,28.0,European Euro
1339,24.0,European Euro
1340,0.0,-
1341,22.0,European Euro
1342,15.0,European Euro
1343,38.0,European Euro
1344,25.0,European Euro
1346,38.0,European Euro
1347,27.0,European Euro
1348,26.0,European Euro
1349,25.0,European Euro
1350,35.0,European Euro
1351,26.0,European Euro
1352,0.0,-
1353,0.0,-
1354,34.0,European Euro
1355,35.0,European Euro
1356,24.0,European Euro
1357,0.0,-
1358,22.0,European Euro
1359,23.0,European Euro
1360,0.0,-
1361,32.0,European Euro
1362,0.0,-
1363,0.0,-
1364,0.0,-
1365,39.0,European Euro
1366,15.0,European Euro
1367,0.0,-
1368,0.0,-
1369,39.0,European Euro
1370,41.0,European Euro
1371,18.0,European Euro
1372,39.0,European Euro
1373,0.0,-
1374,25.0,European Euro
1375,29.0,European Euro
1376,32.0,European Euro
1377,19.0,European Euro
1378,35.0,European Euro
1379,28.0,European Euro
1380,27.0,European Euro
1381,39.0,European Euro
1382,23.0,European Euro
1383,30.0,European Euro
1384,0.0,-
1385,0.0,-
1386,37.0,European Euro
1387,34.0,European Euro
1388,25.0,European Euro
1389,0.0,-
1390,0.0,-
1391,34.0,European Euro
1392,39.0,European Euro
1393,0.0,-
1394,46.0,European Euro
1396,43.0,European Euro
1397,45.0,European Euro
1398,48.0,European Euro
1399,39.0,European Euro
1400,33.0,European Euro
1401,39.0,European Euro
1402,32.0,European Euro
1403,41.0,European Euro
1404,41.0,European Euro
1405,28.0,European Euro
1406,32.0,European Euro
1407,35.0,European Euro
1408,29.0,European Euro
1409,30.0,European Euro
1410,37.0,European Euro
1411,30.0,European Euro
1412,32.0,European Euro
1413,29.0,European Euro
1414,12.0,European Euro
1415,26.0,European Euro
1416,35.0,European Euro
1417,22.0,European Euro
1418,17.0,European Euro
1419,36.0,European Euro
1420,22.0,European Euro
1421,20.0,European Euro
1422,0.0,-
1423,0.0,-
1424,0.0,-
1425,0.0,-
1426,30.0,European Euro
1427,35.0,European Euro
1428,30.0,European Euro
1429,25.0,European Euro
1430,29.0,Bulgarian Lev
1431,27.5,Bulgarian Lev
1432,27.5,Bulgarian Lev
1433,17.5,Bulgarian Lev
1434,27.5,Bulgarian Lev
1435,0.0,-
1436,0.0,-
1437,15.0,Bulgarian Lev
1438,0.0,-
1439,0.0,-
1440,0.0,-
1441,0.0,-
1442,0.0,-
1443,0.0,-
1444,0.0,-
1445,0.0,-
1446,0.0,-
1447,0.0,-
1448,0.0,-
1449,0.0,-
1450,35.5,Serbian dinar
1451,20.5,Serbian dinar
1452,35.5,Serbian dinar
1453,0.0,-
1454,0.0,-
1455,0.0,-
1456,13.0,Serbian dinar
1457,0.0,-
1458,0.0,-
1459,0.0,-
1460,0.0,-
1461,0.0,-
1462,0.0,-
1463,0.0,-
1464,0.0,-
1465,0.0,-
1466,0.0,-
1467,0.0,-
1468,0.0,-
1469,0.0,-
1470,0.0,-
1471,0.0,-
1472,0.0,-
1473,0.0,-
1474,0.0,-
1475,51.15,Norwegian krone
1476,47.3,Norwegian krone
1477,47.3,Norwegian krone
1478,48.4,Norwegian krone
1479,46.2,Norwegian krone
1480,45.1,Norwegian krone
1481,47.3,Norwegian krone
1482,38.5,Norwegian krone
1483,44.55,Norwegian krone
1484,47.3,Norwegian krone
1485,40.7,Norwegian krone
1486,45.65,Norwegian krone
1487,45.1,Norwegian krone
1488,44.0,Norwegian krone
1489,43.45,Norwegian krone
1490,45.65,Norwegian krone
1491,43.45,Norwegian krone
1492,43.45,Norwegian krone
1493,44.0,Norwegian krone
1494,44.55,Norwegian krone
1495,41.8,Norwegian krone
1496,41.8,Norwegian krone
1497,42.9,Norwegian krone
1498,38.5,Norwegian krone
1499,40.7,Norwegian krone
1500,38.5,Norwegian krone
1501,28.6,Norwegian krone
1502,33.0,Norwegian krone
1503,39.05,Norwegian krone
1504,3.3,Norwegian krone
1505,27.5,Norwegian krone
1506,39.6,Norwegian krone
1507,33.0,Norwegian krone
1508,40.7,Norwegian krone
1509,31.9,Norwegian krone
1510,35.2,Norwegian krone
1511,38.5,Norwegian krone
1512,40.7,Norwegian krone
1513,38.5,Norwegian krone
1514,37.4,Norwegian krone
1515,42.9,Norwegian krone
1516,40.7,Norwegian krone
1517,27.5,Norwegian krone
1518,25.3,Norwegian krone
1519,42.9,Norwegian krone
1520,36.3,Norwegian krone
1521,36.3,Norwegian krone
1522,44.55,Norwegian krone
1523,45.1,Norwegian krone
1524,0.0,-
1525,34.1,Norwegian krone
1526,42.9,Norwegian krone
1527,40.7,Norwegian krone
1528,39.6,Norwegian krone
1529,43.45,Norwegian krone
1530,39.6,Norwegian krone
1531,38.5,Norwegian krone
1532,39.6,Norwegian krone
1533,34.1,Norwegian krone
1534,22.0,Norwegian krone
1535,35.2,Norwegian krone
1536,30.8,Norwegian krone
1537,31.9,Norwegian krone
1538,22.0,Norwegian krone
1539,44.0,Norwegian krone
1540,40.7,Norwegian krone
1541,43.45,Norwegian krone
1542,37.4,Norwegian krone
1543,0.0,-
1544,40.7,Norwegian krone
1545,37.4,Norwegian krone
1546,16.5,Norwegian krone
1547,0.0,-
1548,0.0,-
1549,33.0,Norwegian krone
1550,40.7,Norwegian krone
1551,22.0,Norwegian krone
1552,35.2,Norwegian krone
1553,39.6,Norwegian krone
1554,35.2,Norwegian krone
1555,42.9,Norwegian krone
1556,43.45,Norwegian krone
1557,36.3,Norwegian krone
1558,42.35,Norwegian krone
1559,37.4,Norwegian krone
1560,45.1,Norwegian krone
1561,38.5,Norwegian krone
1562,27.5,Norwegian krone
1563,33.0,Norwegian krone
1564,39.6,Norwegian krone
1565,39.6,Norwegian krone
1566,36.85,Norwegian krone
1567,32.45,Norwegian krone
1568,35.2,Norwegian krone
1569,37.4,Norwegian krone
1570,38.5,Norwegian krone
1571,41.25,Norwegian krone
1572,40.7,Norwegian krone
1573,39.6,Norwegian krone
1574,0.0,-
1575,36.3,Norwegian krone
1576,35.2,Norwegian krone
1577,37.4,Norwegian krone
1578,41.8,Norwegian krone
1579,38.5,Norwegian krone
1580,37.4,Norwegian krone
1581,33.0,Norwegian krone
1582,0.0,-
1583,0.0,-
1584,25.3,Norwegian krone
1585,43.45,Norwegian krone
1586,39.6,Norwegian krone
1587,55.8,Swedish krona
1588,49.199999999999996,Swedish krona
1589,49.199999999999996,Swedish krona
1590,48.0,Swedish krona
1591,38.4,Swedish krona
1592,48.0,Swedish krona
1593,48.0,Swedish krona
1594,45.0,Swedish krona
1595,49.199999999999996,Swedish krona
1596,45.0,Swedish krona
1597,46.8,Swedish krona
1598,44.4,Swedish krona
1599,41.4,Swedish krona
1600,46.199999999999996,Swedish krona
1601,46.8,Swedish krona
1602,46.199999999999996,Swedish krona
1603,49.199999999999996,Swedish krona
1604,46.8,Swedish krona
1605,48.0,Swedish krona
1606,51.6,Swedish krona
1607,46.8,Swedish krona
1608,38.4,Swedish krona
1609,26.4,Swedish krona
1610,12.0,Swedish krona
1611,0.0,-
1612,16.8,Swedish krona
1613,25.2,Swedish krona
1614,19.2,Swedish krona
1615,0.0,-
1616,14.399999999999999,Swedish krona
1617,0.0,-
1618,0.0,-
1619,0.0,-
1620,0.0,-
1621,18.0,Swedish krona
1622,12.0,Swedish krona
1623,40.8,Swedish krona
1624,18.0,Swedish krona
1625,12.0,Swedish krona
1626,40.8,Swedish krona
1627,0.0,-
1628,40.8,Swedish krona
1629,24.0,Swedish krona
1630,44.4,Swedish krona
1631,33.6,Swedish krona
1632,0.0,-
1633,31.2,Swedish krona
1634,39.0,Swedish krona
1635,12.0,Swedish krona
1636,40.8,Swedish krona
1637,36.0,Swedish krona
1638,28.2,Swedish krona
1639,24.0,Swedish krona
1640,14.399999999999999,Swedish krona
1641,0.0,-
1642,27.0,Swedish krona
1643,41.4,Swedish krona
1644,40.8,Swedish krona
1645,40.199999999999996,Swedish krona
1646,0.0,-
1647,43.199999999999996,Swedish krona
1648,43.199999999999996,Swedish krona
1649,38.4,Swedish krona
1650,0.0,-
1651,32.4,Swedish krona
1652,19.2,Swedish krona
1653,0.0,-
1654,43.8,Swedish krona
1655,38.4,Swedish krona
1656,22.8,Swedish krona
1657,43.199999999999996,Swedish krona
1658,19.2,Swedish krona
1659,19.2,Swedish krona
1660,0.0,-
1661,12.6,Swedish krona
1662,28.2,Swedish krona
1663,0.0,-
1664,36.0,Swedish krona
1665,42.0,Swedish krona
1666,38.4,Swedish krona
1667,18.0,Swedish krona
1668,16.8,Swedish krona
1669,42.6,Swedish krona
1670,18.0,Swedish krona
1671,0.0,-
1672,32.4,Swedish krona
1673,14.399999999999999,Swedish krona
1674,0.0,-
1675,12.0,Swedish krona
1676,40.8,Swedish krona
1677,4.8,Swedish krona
1678,19.2,Swedish krona
1679,28.799999999999997,Swedish krona
1680,0.0,-
1681,28.799999999999997,Swedish krona
1682,37.199999999999996,Swedish krona
1683,34.8,Swedish krona
1684,18.0,Swedish krona
1685,18.0,Swedish krona
1686,38.4,Swedish krona
1687,38.4,Swedish krona
1688,0.0,-
1689,0.0,-
1690,37.199999999999996,Swedish krona
1691,0.0,-
1692,34.8,Swedish krona
1693,39.6,Swedish krona
1694,38.4,Swedish krona
1695,25.2,Swedish krona
1696,27.599999999999998,Swedish krona
1697,22.8,Swedish krona
1698,6.0,Swedish krona
1699,32.4,Swedish krona
1700,41.4,Swedish krona
1701,0.0,-
1702,6.0,Swedish krona
1703,0.0,-
1704,0.0,-
1705,43.0,European Euro
1706,39.0,European Euro
1707,28.0,European Euro
1708,34.0,European Euro
1709,30.0,European Euro
1710,30.0,European Euro
1711,29.0,European Euro
1712,25.0,European Euro
1714,16.0,European Euro
1715,0.0,-
1716,16.0,European Euro
1717,13.0,European Euro
1718,12.0,European Euro
1719,12.0,European Euro
1720,14.0,European Euro
1721,16.0,European Euro
1722,0.0,-
1723,16.0,European Euro
1724,0.0,-
1726,0.0,-
1727,0.0,-
1728,0.0,-
1729,20.0,European Euro
1730,14.0,European Euro
1731,16.0,European Euro
1732,12.0,European Euro
1733,18.0,European Euro
1734,12.0,European Euro
1735,10.0,European Euro
1736,18.0,European Euro
1737,35.0,European Euro
1738,0.0,-
1739,19.0,European Euro
1740,19.0,European Euro
1741,18.0,European Euro
1742,15.0,European Euro
1743,15.0,European Euro
1744,0.0,-
1745,18.0,European Euro
1746,10.0,European Euro
1747,10.0,European Euro
1748,13.0,European Euro
1749,0.0,-
1750,19.0,European Euro
1751,23.0,European Euro
1752,18.0,European Euro
1753,0.0,-
1754,0.0,-
1755,0.0,-
1756,14.0,European Euro
1757,27.0,European Euro
1758,12.0,European Euro
1759,18.0,European Euro
1760,19.0,European Euro
1761,12.0,European Euro
1762,18.0,European Euro
1763,17.0,European Euro
1764,0.0,-
1765,15.0,European Euro
1766,17.0,European Euro
1767,15.0,European Euro
1768,17.0,European Euro
1769,30.0,European Euro
1770,15.0,European Euro
1771,13.0,European Euro
1772,7.0,European Euro
1773,14.0,European Euro
1774,22.0,European Euro
1776,14.0,European Euro
1777,24.0,European Euro
1778,12.0,European Euro
1779,16.0,European Euro
1780,22.0,European Euro
1781,10.0,European Euro
1782,8.0,European Euro
1783,12.0,European Euro
1784,0.0,-
1785,0.0,-
1786,12.0,European Euro
1787,16.0,European Euro
1788,15.0,European Euro
1789,15.0,European Euro
1790,0.0,-
1791,15.0,European Euro
1792,0.0,-
1793,25.0,European Euro
1794,19.0,European Euro
1795,25.0,European Euro
1796,16.0,European Euro
1797,0.0,-
1798,23.0,European Euro
1799,14.0,European Euro
1800,14.0,European Euro
1801,14.0,European Euro
1802,12.0,European Euro
1803,0.0,-
1804,18.0,European Euro
1805,17.0,European Euro
1806,18.0,European Euro
1807,12.0,European Euro
1808,22.0,European Euro
1809,13.0,European Euro
1810,10.0,European Euro
1811,17.0,European Euro
1812,20.0,European Euro
1813,0.0,-
1814,0.0,-
1815,17.0,European Euro
1816,16.0,European Euro
1817,13.0,European Euro
1818,16.0,European Euro
1819,33.0,European Euro
1820,0.0,-
1821,10.0,European Euro
1823,20.0,European Euro
1824,19.0,European Euro
1825,15.0,European Euro
1826,10.0,European Euro
1827,14.0,European Euro
1828,12.0,European Euro
1829,8.0,European Euro
1830,13.0,European Euro
1840,43.0,European Euro
1841,33.0,European Euro
1842,38.0,European Euro
1843,47.0,European Euro
1845,38.0,European Euro
1846,38.0,European Euro
1847,38.0,European Euro
1848,36.0,European Euro
1849,30.0,European Euro
1850,35.0,European Euro
1851,36.0,European Euro
1853,26.0,European Euro
1854,26.0,European Euro
1855,39.0,European Euro
1856,23.0,European Euro
1857,31.0,European Euro
1858,35.0,European Euro
1859,25.0,European Euro
1860,37.0,European Euro
1861,24.0,European Euro
1863,29.0,European Euro
1864,28.0,European Euro
1865,22.0,European Euro
1866,24.0,European Euro
1867,45.0,European Euro
1868,27.0,European Euro
1869,25.0,European Euro
1870,22.0,European Euro
1871,36.0,European Euro
1872,32.0,European Euro
1873,18.0,European Euro
1874,29.0,European Euro
1875,30.0,European Euro
1876,25.0,European Euro
1877,24.0,European Euro
1878,20.0,European Euro
1879,35.0,European Euro
1880,10.0,European Euro
1881,20.0,European Euro
1882,19.0,European Euro
1883,7.0,European Euro
1884,19.0,European Euro
1885,32.0,European Euro
1886,20.0,European Euro
1887,0.0,-
1888,20.0,European Euro
1889,14.0,European Euro
1890,18.0,European Euro
1891,18.0,European Euro
1893,25.0,European Euro
1894,20.0,European Euro
1895,20.0,European Euro
1896,14.0,European Euro
1897,13.0,European Euro
1898,0.0,-
1900,10.0,European Euro
1901,17.0,European Euro
1902,52.0,European Euro
1903,14.0,European Euro
1904,18.0,European Euro
1905,18.0,European Euro
1906,11.0,European Euro
1907,13.0,European Euro
1908,17.0,European Euro
1909,12.0,European Euro
1910,20.0,European Euro
1911,18.0,European Euro
1912,16.0,European Euro
1913,18.0,European Euro
1914,0.0,-
1915,12.0,European Euro
1916,12.0,European Euro
1918,12.0,European Euro
1919,20.0,European Euro
1920,0.0,-
1921,20.0,European Euro
1922,12.0,European Euro
1923,19.0,European Euro
1924,13.0,European Euro
1925,12.0,European Euro
1926,0.0,-
1927,0.0,-
1928,0.0,-
1929,9.0,European Euro
1930,0.0,-
1931,0.0,-
1932,0.0,-
1933,0.0,-
1934,0.0,-
1935,22.0,European Euro
1936,0.0,-
1937,7.0,European Euro
1938,12.0,European Euro
1939,0.0,-
1940,0.0,-
1941,8.0,European Euro
1942,13.0,European Euro
1943,0.0,-
1944,18.0,European Euro
1945,10.0,European Euro
1946,0.0,-
1947,0.0,-
1948,0.0,-
1949,0.0,-
1950,0.0,-
1952,0.0,-
1953,0.0,-
1954,9.0,European Euro
1955,9.0,European Euro
1956,14.0,European Euro
1957,17.0,European Euro
1958,0.0,-
1959,0.0,-
1960,0.0,-
1961,15.0,European Euro
1962,0.0,-
1963,0.0,-
1964,0.0,-
1965,0.0,-
1966,0.0,-
1967,19.0,European Euro
1968,16.0,European Euro
1969,16.0,European Euro
1970,16.0,European Euro
1971,0.0,-
1972,0.0,-
1973,17.0,European Euro
1974,0.0,-
1975,10.0,European Euro
1976,3.0,European Euro
1977,0.0,-
1978,0.0,-
1979,0.0,-
1981,0.0,-
1982,17.0,European Euro
1983,0.0,-
1984,0.0,-
1985,0.0,-
1986,0.0,-
1987,22.0,European Euro
1989,0.0,-
1990,0.0,-
1991,13.0,European Euro
1992,0.0,-
1993,0.0,-
1994,7.0,European Euro
1995,14.0,European Euro
1996,29.0,European Euro
1997,19.0,European Euro
1999,0.0,-
2000,13.0,European Euro
2001,13.0,European Euro
2002,9.0,European Euro
2003,16.0,European Euro
2005,0.0,-
2007,10.0,European Euro
2008,0.0,-
2009,0.0,-
2010,0.0,-
2011,17.0,European Euro
2012,0.0,-
2013,20.0,European Euro
2014,0.0,-
2015,0.0,-
2016,0.0,-
2017,0.0,-
2018,0.0,-
2019,0.0,-
2021,0.0,-
2022,0.0,-
2023,0.0,-
2024,0.0,-
2025,0.0,-
2026,18.0,European Euro
2027,0.0,-
2028,0.0,-
2029,0.0,-
2030,0.0,-
2031,0.0,-
2032,0.0,-
2033,19.0,European Euro
2034,6.0,European Euro
2035,0.0,-
2036,0.0,-
2037,0.0,-
2038,5.0,European Euro
2039,16.0,European Euro
2040,0.0,-
2042,0.0,-
2043,0.0,-
2044,8.0,European Euro
2045,13.0,European Euro
2046,0.0,-
2047,0.0,-
2048,0.0,-
2049,10.0,European Euro
2050,0.0,-
2051,0.0,-
2052,10.0,European Euro
2053,20.0,European Euro
2054,9.0,European Euro
2055,0.0,-
2056,0.0,-
2057,0.0,-
2058,0.0,-
2059,0.0,-
2060,18.0,European Euro
2061,0.0,-
2062,0.0,-
2063,15.0,European Euro
2064,0.0,-
2065,12.0,European Euro
2066,0.0,-
2067,4.0,European Euro
2069,0.0,-
2070,12.0,European Euro
2071,18.0,European Euro
2072,0.0,-
2073,15.0,European Euro
2074,0.0,-
2075,17.0,European Euro
2076,12.0,European Euro
2077,0.0,-
2078,0.0,-
2079,0.0,-
2080,0.0,-
2081,0.0,-
2082,0.0,-
2083,6.0,European Euro
2084,0.0,-
2085,0.0,-
2086,5.0,European Euro
2087,15.0,European Euro
2088,9.0,European Euro
2089,13.0,European Euro
2090,14.0,European Euro
2091,9.0,European Euro
2092,13.0,European Euro
2093,16.0,European Euro
2094,0.0,-
2095,11.0,European Euro
2096,0.0,-
2097,0.0,-
2098,18.0,European Euro
2099,0.0,-
2100,0.0,-
2101,13.0,European Euro
2102,0.0,-
2103,0.0,-
2104,0.0,-
2105,0.0,-
2106,18.0,European Euro
2107,0.0,-
2108,0.0,-
2109,31.0,European Euro
2110,12.0,European Euro
2111,0.0,-
2113,0.0,-
2114,0.0,-
2115,7.0,European Euro
2116,10.0,European Euro
2118,26.0,European Euro
2119,0.0,-
2120,0.0,-
2121,0.0,-
2122,13.0,European Euro
2123,26.0,European Euro
2124,0.0,-
2125,0.0,-
2126,0.0,-
2127,0.0,-
2128,0.0,-
2129,0.0,-
2130,10.0,European Euro
2131,0.0,-
2132,14.0,European Euro
2133,9.0,European Euro
2134,7.0,European Euro
2135,15.0,European Euro
2136,19.0,European Euro
2137,25.0,European Euro
2138,10.0,European Euro
2140,0.0,-
2141,11.0,European Euro
2142,0.0,-
2143,19.0,European Euro
2144,7.0,European Euro
2145,0.0,-
2147,4.0,European Euro
2148,0.0,-
2149,8.0,European Euro
2150,33.0,European Euro
2152,0.0,-
2153,17.0,European Euro
2154,15.0,European Euro
2155,22.0,European Euro
2156,6.0,European Euro
2157,15.0,European Euro
2158,9.0,European Euro
2159,0.0,-
2160,15.0,European Euro
2161,0.0,-
2162,22.0,European Euro
2163,0.0,-
2164,0.0,-
2165,20.0,European Euro
2166,0.0,-
2168,0.0,-
2169,0.0,-
2170,0.0,-
2171,17.0,European Euro
2172,12.0,European Euro
2173,0.0,-
2174,0.0,-
2176,20.0,European Euro
2177,6.0,European Euro
2178,0.0,-
2179,24.0,European Euro
2180,22.0,European Euro
2181,0.0,-
2183,0.0,-
2185,0.0,-
2186,0.0,-
2187,0.0,-
2188,0.0,-
2189,0.0,-
2190,0.0,-
2191,8.0,European Euro
2192,30.0,European Euro
2193,0.0,-
2194,10.0,European Euro
2195,0.0,-
2196,0.0,-
2197,0.0,-
2198,0.0,-
2199,0.0,-
2200,0.0,-
2201,0.0,-
2202,0.0,-
2203,14.0,European Euro
2204,15.0,European Euro
2205,9.0,European Euro
2206,18.0,European Euro
2207,16.0,European Euro
2208,0.0,-
2209,0.0,-
2210,0.0,-
2211,16.0,European Euro
2212,0.0,-
2213,16.0,European Euro
2214,14.0,European Euro
2215,13.0,European Euro
2216,0.0,-
2217,0.0,-
2218,0.0,-
2219,0.0,-
2220,12.0,European Euro
2222,10.0,European Euro
2223,0.0,-
2224,12.0,European Euro
2225,0.0,-
2226,0.0,-
2227,10.0,European Euro
2228,0.0,-
2229,16.0,European Euro
2230,0.0,-
2231,10.0,European Euro
2232,29.0,European Euro
2233,0.0,-
2234,0.0,-
2235,0.0,-
2236,17.0,European Euro
2237,0.0,-
2238,0.0,-
2239,15.0,European Euro
2241,18.0,European Euro
2242,6.0,European Euro
2243,0.0,-
2244,0.0,-
2245,7.0,European Euro
2246,0.0,-
2248,18.0,European Euro
2249,0.0,-
2250,10.0,European Euro
2252,0.0,-
2253,0.0,-
2254,0.0,-
2255,0.0,-
2256,0.0,-
2257,0.0,-
2258,0.0,-
2259,0.0,-
2260,0.0,-
2261,0.0,-
2262,15.0,European Euro
2263,0.0,-
2264,15.0,European Euro
2265,15.0,European Euro
2266,0.0,-
2267,20.0,European Euro
2268,12.0,European Euro
2269,0.0,-
2270,0.0,-
2271,28.0,European Euro
2272,12.0,European Euro
2273,0.0,-
2274,0.0,-
2275,6.0,European Euro
2276,24.0,European Euro
2277,11.0,European Euro
2278,22.0,European Euro
2279,8.0,European Euro
2280,0.0,-
2281,0.0,-
2282,0.0,-
2283,0.0,-
2284,0.0,-
2285,10.0,European Euro
2286,0.0,-
2287,25.0,European Euro
2288,29.0,European Euro
2289,0.0,-
2290,0.0,-
2291,14.0,European Euro
2292,0.0,-
2293,0.0,-
2294,0.0,-
2295,0.0,-
2296,13.0,European Euro
2297,0.0,-
2298,29.0,European Euro
2299,10.0,European Euro
2300,0.0,-
2301,13.0,European Euro
2302,14.0,European Euro
2303,0.0,-
2304,14.0,European Euro
2305,15.0,European Euro
2306,0.0,-
2307,0.0,-
2308,0.0,-
2309,0.0,-
2310,19.0,European Euro
2311,0.0,-
2312,0.0,-
2313,13.0,European Euro
2314,0.0,-
2315,20.0,European Euro
2316,14.0,European Euro
2317,0.0,-
2318,19.0,European Euro
2319,18.0,European Euro
2321,16.0,European Euro
2322,0.0,-
2324,10.0,European Euro
2325,0.0,-
2326,9.0,European Euro
2327,8.0,European Euro
2330,14.0,European Euro
2331,0.0,-
2332,10.0,European Euro
2333,0.0,-
2335,0.0,-
2336,0.0,-
2337,0.0,-
2338,10.0,European Euro
2339,0.0,-
2340,15.0,European Euro
2341,0.0,-
2342,0.0,-
2343,17.0,European Euro
2344,13.0,European Euro
2345,9.0,European Euro
2346,18.0,European Euro
2347,20.0,European Euro
2348,0.0,-
2349,10.0,European Euro
2350,0.0,-
2351,0.0,-
2352,0.0,-
2353,0.0,-
2354,0.0,-
2355,0.0,-
2356,22.0,European Euro
2357,18.0,European Euro
2358,0.0,-
2359,0.0,-
2360,18.0,European Euro
2361,0.0,-
2362,18.0,European Euro
2363,12.0,European Euro
2364,0.0,-
2365,20.0,European Euro
2367,0.0,-
2368,11.0,European Euro
2369,0.0,-
2370,0.0,-
2371,8.0,European Euro
2372,11.0,European Euro
2373,0.0,-
2374,0.0,-
2375,0.0,-
2376,20.0,European Euro
2377,22.0,European Euro
2378,0.0,-
2379,14.0,European Euro
2380,15.0,European Euro
2381,0.0,-
2382,13.0,European Euro
2383,11.0,European Euro
2384,0.0,-
2385,0.0,-
2386,0.0,-
2387,11.0,European Euro
2388,0.0,-
2389,0.0,-
2390,8.0,European Euro
2391,18.0,European Euro
2392,23.0,European Euro
2394,0.0,-
2395,0.0,-
2396,0.0,-
2397,0.0,-
2398,0.0,-
2399,0.0,-
2400,14.0,European Euro
2401,0.0,-
2402,20.0,European Euro
2403,15.0,European Euro
2404,16.0,European Euro
2405,13.0,European Euro
2406,11.0,European Euro
2407,18.0,European Euro
2408,0.0,-
2409,22.0,European Euro
2410,0.0,-
2411,19.0,European Euro
2412,0.0,-
2413,0.0,-
2414,0.0,-
2415,0.0,-
2416,0.0,-
2417,0.0,-
2419,22.0,European Euro
2420,6.0,European Euro
2421,9.0,European Euro
2422,0.0,-
2423,20.0,European Euro
2424,26.0,European Euro
2425,31.0,European Euro
2426,0.0,-
2427,0.0,-
2428,0.0,-
2429,0.0,-
2430,0.0,-
2432,0.0,-
2433,22.0,European Euro
2434,0.0,-
2435,20.0,European Euro
2436,17.0,European Euro
2437,17.0,European Euro
2438,16.0,European Euro
2439,11.0,European Euro
2440,0.0,-
2441,0.0,-
2442,0.0,-
2443,0.0,-
2444,0.0,-
2445,32.0,European Euro
2446,0.0,-
2447,21.0,European Euro
2448,0.0,-
2449,14.0,European Euro
2450,12.0,European Euro
2451,0.0,-
2452,0.0,-
2453,0.0,-
2454,0.0,-
2455,25.0,European Euro
2456,25.0,European Euro
2457,0.0,-
2458,0.0,-
2459,0.0,-
2460,16.0,European Euro
2461,9.0,European Euro
2462,10.0,European Euro
2463,3.0,European Euro
2464,22.0,European Euro
2465,0.0,-
2466,0.0,-
2467,16.0,European Euro
2468,0.0,-
2469,24.0,European Euro
2470,17.0,European Euro
2471,26.0,European Euro
2472,0.0,-
2473,0.0,-
2474,0.0,-
2475,0.0,-
2476,0.0,-
2477,18.0,European Euro
2478,21.0,European Euro
2479,12.0,European Euro
2480,29.0,European Euro
2481,0.0,-
2482,15.0,European Euro
2483,0.0,-
2485,24.0,European Euro
2486,19.0,European Euro
2487,18.0,European Euro
2488,18.0,European Euro
2489,8.0,European Euro
2490,16.0,European Euro
2491,0.0,-
2492,8.0,European Euro
2493,0.0,-
2494,0.0,-
2495,6.0,European Euro
2496,0.0,-
2497,5.0,European Euro
2498,0.0,-
2499,21.0,European Euro
2500,0.0,-
2501,0.0,-
2502,27.0,European Euro
2503,0.0,-
2504,0.0,-
2505,19.0,European Euro
2506,18.0,European Euro
2507,0.0,-
2508,0.0,-
2510,14.0,European Euro
2511,0.0,-
2512,0.0,-
2513,0.0,-
2514,0.0,-
2515,0.0,-
2516,0.0,-
2517,16.0,European Euro
2518,4.0,European Euro
2519,15.0,European Euro
2520,0.0,-
2521,0.0,-
2522,11.0,European Euro
2523,0.0,-
2524,35.0,European Euro
2525,11.0,European Euro
2526,0.0,-
2527,0.0,-
2528,8.0,European Euro
2529,15.0,European Euro
2530,8.0,European Euro
2531,19.0,European Euro
2532,0.0,-
2534,7.0,European Euro
2535,35.0,European Euro
2536,14.0,European Euro
2537,18.0,European Euro
2538,15.0,European Euro
2539,0.0,-
2540,34.0,European Euro
2541,22.0,European Euro
2542,0.0,-
2543,16.0,European Euro
2544,0.0,-
2545,0.0,-
2546,12.0,European Euro
2547,0.0,-
2548,0.0,-
2549,0.0,-
2550,10.0,European Euro
2551,15.0,European Euro
2552,18.0,European Euro
2553,0.0,-
2554,0.0,-
2555,45.0,Bosnia convertible mark
2556,35.0,Bosnia convertible mark
2557,0.0,-
2558,20.0,Bosnia convertible mark
2559,20.0,Bosnia convertible mark
2560,12.0,Bosnia convertible mark
2561,0.0,-
2562,15.0,Bosnia convertible mark
2563,0.0,-
2564,0.0,-
2565,17.0,Bosnia convertible mark
2566,25.0,Bosnia convertible mark
2567,0.0,-
2568,18.0,Bosnia convertible mark
2569,30.0,Bosnia convertible mark
2570,27.0,Bosnia convertible mark
2571,890.0,Czech koruna
2572,750.0,Czech koruna
2573,750.0,Czech koruna
2574,650.0,Czech koruna
2575,650.0,Czech koruna
2576,850.0,Czech koruna
2577,620.0,Czech koruna
2578,300.0,Czech koruna
2579,290.0,Czech koruna
2580,450.0,Czech koruna
2581,360.0,Czech koruna
2582,300.0,Czech koruna
2583,360.0,Czech koruna
2584,350.0,Czech koruna
2585,430.0,Czech koruna
2586,180.0,Czech koruna
2587,0.0,-
2588,0.0,-
2589,400.0,Czech koruna
2590,350.0,Czech koruna
2591,470.0,Czech koruna
2592,480.0,Czech koruna
2593,0.0,-
2594,300.0,Czech koruna
2595,200.0,Czech koruna
2596,440.0,Czech koruna
2597,550.0,Czech koruna
2598,0.0,-
2599,440.0,Czech koruna
2600,350.0,Czech koruna
2601,290.0,Czech koruna
2602,450.0,Czech koruna
2603,600.0,Czech koruna
2604,260.0,Czech koruna
2605,50.0,Czech koruna
2606,250.0,Czech koruna
2607,280.0,Czech koruna
2608,390.0,Czech koruna
2609,220.0,Czech koruna
2610,750.0,Czech koruna
2611,250.0,Czech koruna
2612,690.0,Czech koruna
2613,150.0,Czech koruna
2614,550.0,Czech koruna
2615,340.0,Czech koruna
2616,0.0,-
2617,300.0,Czech koruna
2618,0.0,-
2619,310.0,Czech koruna
2620,0.0,-
2621,0.0,-
2622,350.0,Czech koruna
2623,250.0,Czech koruna
2624,0.0,-
2625,890.0,Czech koruna
2626,470.0,Czech koruna
2627,0.0,-
2628,270.0,Czech koruna
2629,370.0,Czech koruna
2630,0.0,-
2631,670.0,Czech koruna
2632,0.0,-
2633,320.0,Czech koruna
2634,0.0,-
2635,500.0,Czech koruna
2636,300.0,Czech koruna
2637,0.0,-
2638,460.0,Czech koruna
2639,230.0,Czech koruna
2640,250.0,Czech koruna
2641,320.0,Czech koruna
2642,360.0,Czech koruna
2643,0.0,-
2644,300.0,Czech koruna
2645,590.0,Czech koruna
2646,330.0,Czech koruna
2647,400.0,Czech koruna
2648,0.0,-
2649,250.0,Czech koruna
2650,230.0,Czech koruna
2651,0.0,-
2652,320.0,Czech koruna
2653,0.0,-
2654,0.0,-
2655,0.0,-
2656,0.0,-
2657,0.0,-
2658,400.0,Czech koruna
2659,290.0,Czech koruna
2660,290.0,Czech koruna
2661,100.0,Czech koruna
2662,320.0,Czech koruna
2663,230.0,Czech koruna
2664,0.0,-
2665,220.0,Czech koruna
2666,390.0,Czech koruna
2667,350.0,Czech koruna
2668,460.0,Czech koruna
2669,490.0,Czech koruna
2670,0.0,-
2671,360.0,Czech koruna
2672,0.0,-
2673,590.0,Czech koruna
2674,230.0,Czech koruna
2675,350.0,Czech koruna
2676,0.0,-
2677,360.0,Czech koruna
2678,0.0,-
2679,400.0,Czech koruna
2680,260.0,Czech koruna
2681,330.0,Czech koruna
2682,0.0,-
2683,420.0,Czech koruna
2684,360.0,Czech koruna
2685,450.0,Czech koruna
2686,360.0,Czech koruna
2687,350.0,Czech koruna
2688,150.0,Czech koruna
2689,259.0,Czech koruna
2690,0.0,-
2691,500.0,Czech koruna
2692,0.0,-
2693,400.0,Czech koruna
2694,480.0,Czech koruna
2695,250.0,Czech koruna
2696,500.0,Czech koruna
2697,0.0,-
2698,0.0,-
2699,290.0,Czech koruna
2700,0.0,-
2701,280.0,Czech koruna
2702,220.0,Czech koruna
2703,440.0,Czech koruna
2704,0.0,-
2705,0.0,-
2706,360.0,Czech koruna
2707,420.0,Czech koruna
2708,320.0,Czech koruna
2709,350.0,Czech koruna
2710,0.0,-
2711,300.0,Czech koruna
2712,0.0,-
2713,300.0,Czech koruna
2714,250.0,Czech koruna
2715,0.0,-
2716,310.0,Czech koruna
2717,350.0,Czech koruna
2718,320.0,Czech koruna
2719,370.0,Czech koruna
2720,0.0,-
2721,0.0,-
2722,0.0,-
2723,390.0,Czech koruna
2724,590.0,Czech koruna
2725,430.0,Czech koruna
2726,370.0,Czech koruna
2727,170.0,Czech koruna
2728,0.0,-
2729,0.0,-
2730,0.0,-
2731,200.0,Czech koruna
2732,370.0,Czech koruna
2733,440.0,Czech koruna
2734,450.0,Czech koruna
2735,0.0,-
2736,320.0,Czech koruna
2737,595.0,Czech koruna
2738,0.0,-
2739,420.0,Czech koruna
2740,500.0,Czech koruna
2741,0.0,-
2742,0.0,-
2743,240.0,Czech koruna
2744,450.0,Czech koruna
2745,260.0,Czech koruna
2746,350.0,Czech koruna
2747,300.0,Czech koruna
2748,290.0,Czech koruna
2749,0.0,-
2750,260.0,Czech koruna
2751,0.0,-
2752,200.0,Czech koruna
2753,360.0,Czech koruna
2754,120.0,Czech koruna
2755,330.0,Czech koruna
2756,0.0,-
2757,350.0,Czech koruna
2758,250.0,Czech koruna
2759,360.0,Czech koruna
2760,300.0,Czech koruna
2761,250.0,Czech koruna
2762,0.0,-
2763,350.0,Czech koruna
2764,400.0,Czech koruna
2765,390.0,Czech koruna
2766,260.0,Czech koruna
2767,0.0,-
2768,450.0,Czech koruna
2769,780.0,Czech koruna
2770,0.0,-
2771,420.0,Czech koruna
2772,320.0,Czech koruna
2773,0.0,-
2774,310.0,Czech koruna
2775,0.0,-
2776,200.0,Czech koruna
2777,240.0,Czech koruna
2778,0.0,-
2779,200.0,Czech koruna
2780,500.0,Czech koruna
2781,500.0,Czech koruna
2782,370.0,Czech koruna
2783,480.0,Czech koruna
2784,450.0,Czech koruna
2785,0.0,-
2786,0.0,-
2787,440.0,Czech koruna
2788,270.0,Czech koruna
2789,300.0,Czech koruna
2790,300.0,Czech koruna
2791,360.0,Czech koruna
2792,550.0,Czech koruna
2793,440.0,Czech koruna
2794,430.0,Czech koruna
2795,440.0,Czech koruna
2796,370.0,Czech koruna
2797,0.0,-
2798,490.0,Czech koruna
2799,0.0,-
2800,200.0,Czech koruna
2801,180.0,Czech koruna
2802,300.0,Czech koruna
2803,280.0,Czech koruna
2804,260.0,Czech koruna
2805,400.0,Czech koruna
2806,0.0,-
2807,250.0,Czech koruna
2808,400.0,Czech koruna
2809,220.0,Czech koruna
2810,220.0,Czech koruna
2811,250.0,Czech koruna
2812,0.0,-
2813,0.0,-
2814,280.0,Czech koruna
2815,400.0,Czech koruna
2816,450.0,Czech koruna
2817,200.0,Czech koruna
2818,0.0,-
2819,350.0,Czech koruna
2820,290.0,Czech koruna
2821,250.0,Czech koruna
2822,390.0,Czech koruna
2823,250.0,Czech koruna
2824,630.0,Czech koruna
2825,300.0,Czech koruna
2826,280.0,Czech koruna
2827,420.0,Czech koruna
2828,0.0,-
2829,180.0,Czech koruna
2830,400.0,Czech koruna
2831,370.0,Czech koruna
2832,150.0,Czech koruna
2833,350.0,Czech koruna
2834,370.0,Czech koruna
2835,350.0,Czech koruna
2836,200.0,Czech koruna
2837,390.0,Czech koruna
2838,550.0,Czech koruna
2839,490.0,Czech koruna
2840,300.0,Czech koruna
2841,340.0,Czech koruna
2842,0.0,-
2843,330.0,Czech koruna
2844,370.0,Czech koruna
2845,0.0,-
2846,280.0,Czech koruna
2847,300.0,Czech koruna
2848,300.0,Czech koruna
2849,360.0,Czech koruna
2850,260.0,Czech koruna
2851,780.0,Czech koruna
2852,300.0,Czech koruna
2853,380.0,Czech koruna
2854,250.0,Czech koruna
2855,300.0,Czech koruna
2856,350.0,Czech koruna
2857,350.0,Czech koruna
2858,490.0,Czech koruna
2859,330.0,Czech koruna
2860,300.0,Czech koruna
2861,530.0,Czech koruna
2862,530.0,Czech koruna
2863,300.0,Czech koruna
2864,0.0,-
2865,310.0,Czech koruna
2866,380.0,Czech koruna
2867,0.0,-
2868,340.0,Czech koruna
2869,290.0,Czech koruna
2870,280.0,Czech koruna
2871,300.0,Czech koruna
2872,32.0,European Euro
2873,33.0,European Euro
2874,31.0,European Euro
2875,35.0,European Euro
2876,30.0,European Euro
2877,27.0,European Euro
2878,22.0,European Euro
2880,0.0,-
2881,12.0,European Euro
2882,16.0,European Euro
2883,10.0,European Euro
2884,0.0,-
2885,30.0,European Euro
2886,0.0,-
2887,16.0,European Euro
2888,0.0,-
2889,0.0,-
2890,29.0,European Euro
2891,0.0,-
2892,0.0,-
2893,10.0,European Euro
2894,9.0,European Euro
2895,18.0,European Euro
2896,0.0,-
2897,0.0,-
2898,0.0,-
2899,8.0,European Euro
2901,13.0,European Euro
2902,14.0,European Euro
2903,0.0,-
2904,20.0,European Euro
2905,20.0,European Euro
2906,12.0,European Euro
2907,33.0,European Euro
2908,11.0,European Euro
2909,12.0,European Euro
2910,8.0,European Euro
2911,11.0,European Euro
2912,20.0,European Euro
2913,18.0,European Euro
2914,17.0,European Euro
2915,15.0,European Euro
2916,22.0,European Euro
2917,0.0,-
2918,18.0,European Euro
2920,0.0,-
2921,15.0,European Euro
2922,0.0,-
2923,0.0,-
2924,0.0,-
2925,20.79,Polish zloty
2926,20.79,Polish zloty
2927,21.0,Polish zloty
2928,27.3,Polish zloty
2929,22.05,Polish zloty
2930,20.79,Polish zloty
2931,19.95,Polish zloty
2932,20.79,Polish zloty
2933,15.75,Polish zloty
2934,19.95,Polish zloty
2935,19.95,Polish zloty
2936,7.35,Polish zloty
2937,18.9,Polish zloty
2938,14.7,Polish zloty
2939,10.5,Polish zloty
2940,0.0,-
2941,0.0,-
2942,0.0,-
2943,0.0,-
2944,0.0,-
2945,0.0,-
2946,0.0,-
2947,14.7,Polish zloty
2948,0.0,-
2949,0.0,-
2950,13.65,Polish zloty
2951,0.0,-
2952,0.0,-
2953,10.5,Polish zloty
2954,0.0,-
2955,0.0,-
2956,0.0,-
2957,0.0,-
2958,0.0,-
2959,0.0,-
2960,0.0,-
2961,8.4,Polish zloty
2962,0.0,-
2963,14.7,Polish zloty
2964,10.5,Polish zloty
2965,18.9,Polish zloty
2966,15.75,Polish zloty
2967,20.58,Polish zloty
2968,0.0,-
2969,12.6,Polish zloty
2970,16.8,Polish zloty
2971,0.0,-
2972,0.0,-
2973,20.79,Polish zloty
2974,0.0,-
2975,0.0,-
2976,23.099999999999998,Polish zloty
2977,6.3,Polish zloty
2978,0.0,-
2979,16.8,Polish zloty
2980,18.9,Polish zloty
2981,17.849999999999998,Polish zloty
2982,10.5,Polish zloty
2983,0.0,-
2984,0.0,-
2985,0.0,-
2986,0.0,-
2987,0.0,-
2988,0.0,-
2989,16.8,Polish zloty
2990,0.0,-
2991,16.59,Polish zloty
2992,0.0,-
2993,20.79,Polish zloty
2994,18.9,Polish zloty
2995,13.02,Polish zloty
2996,0.0,-
2997,16.8,Polish zloty
2998,15.75,Polish zloty
2999,0.0,-
3000,0.0,-
3001,12.18,Polish zloty
3002,23.099999999999998,Polish zloty
3003,0.0,-
3004,10.5,Polish zloty
3005,15.75,Polish zloty
3006,0.0,-
3007,12.6,Polish zloty
3008,16.8,Polish zloty
3009,17.849999999999998,Polish zloty
3010,12.6,Polish zloty
3011,12.6,Polish zloty
3012,0.0,-
3013,0.0,-
3014,16.8,Polish zloty
3015,0.0,-
3016,7.35,Polish zloty
3017,11.549999999999999,Polish zloty
3018,0.0,-
3019,0.0,-
3020,0.0,-
3021,16.8,Polish zloty
3022,19.95,Polish zloty
3023,15.75,Polish zloty
3024,0.0,-
3025,0.0,-
3026,0.0,-
3027,18.9,Polish zloty
3028,15.75,Polish zloty
3029,16.8,Polish zloty
3030,0.0,-
3031,15.75,Polish zloty
3032,19.95,Polish zloty
3033,14.7,Polish zloty
3034,0.0,-
3035,16.59,Polish zloty
3036,18.9,Polish zloty
3037,18.9,Polish zloty
3038,0.0,-
3039,0.0,-
3040,14.7,Polish zloty
3041,16.8,Polish zloty
3042,13.65,Polish zloty
3043,7.35,Polish zloty
3044,16.59,Polish zloty
3045,16.8,Polish zloty
3046,0.0,-
3047,17.849999999999998,Polish zloty
3048,10.5,Polish zloty
3049,0.0,-
3050,14.49,Polish zloty
3051,10.5,Polish zloty
3052,0.0,-
3053,0.0,-
3054,8.4,Polish zloty
3055,16.8,Polish zloty
3056,0.0,-
3057,0.0,-
3058,0.0,-
3059,11.549999999999999,Polish zloty
3060,0.0,-
3061,19.95,Polish zloty
3062,0.0,-
3063,8.4,Polish zloty
3064,7.77,Polish zloty
3065,0.0,-
3066,12.6,Polish zloty
3067,16.59,Polish zloty
3068,16.8,Polish zloty
3069,0.0,-
3070,0.0,-
3071,11.549999999999999,Polish zloty
3072,0.0,-
3073,0.0,-
3074,7.35,Polish zloty
3075,0.0,-
3076,0.0,-
3077,14.7,Polish zloty
3078,0.0,-
3079,0.0,-
3080,0.0,-
3081,11.549999999999999,Polish zloty
3082,14.7,Polish zloty
3083,16.8,Polish zloty
3084,0.0,-
3085,0.0,-
3086,0.0,-
3087,16.8,Polish zloty
3088,0.0,-
3089,12.6,Polish zloty
3090,0.0,-
3091,0.0,-
3092,0.0,-
3093,0.0,-
3094,14.7,Polish zloty
3095,0.0,-
3096,0.0,-
3097,15.75,Polish zloty
3098,0.0,-
3099,20.79,Polish zloty
3100,0.0,-
3101,0.0,-
3102,0.0,-
3103,0.0,-
3104,13.65,Polish zloty
3105,14.49,Polish zloty
3106,0.0,-
3107,0.0,-
3108,0.0,-
3109,0.0,-
3110,0.0,-
3111,0.0,-
3112,18.9,Polish zloty
3113,14.7,Polish zloty
3114,21.0,Polish zloty
3115,16.8,Polish zloty
3116,14.7,Polish zloty
3117,0.0,-
3118,13.65,Polish zloty
3119,18.9,Polish zloty
3120,8.4,Polish zloty
3121,0.0,-
3122,0.0,-
3123,0.0,-
3124,17.849999999999998,Polish zloty
3125,0.0,-
3126,0.0,-
3127,0.0,-
3128,12.6,Polish zloty
3129,0.0,-
3130,0.0,-
3131,13.65,Polish zloty
3132,0.0,-
3133,0.0,-
3134,17.22,Polish zloty
3135,12.6,Polish zloty
3136,25.2,Polish zloty
3137,0.0,-
3138,8.4,Polish zloty
3139,0.0,-
3140,0.0,-
3141,0.0,-
3142,0.0,-
3143,7.35,Polish zloty
3144,16.8,Polish zloty
3145,0.0,-
3146,0.0,-
3147,15.75,Polish zloty
3148,17.849999999999998,Polish zloty
3149,0.0,-
3150,0.0,-
3151,0.0,-
3152,14.7,Polish zloty
3153,0.0,-
3154,0.0,-
3155,14.7,Polish zloty
3156,11.549999999999999,Polish zloty
3157,0.0,-
3158,0.0,-
3159,14.7,Polish zloty
3160,0.0,-
3161,0.0,-
3162,16.8,Polish zloty
3163,0.0,-
3164,0.0,-
3165,0.0,-
3166,0.0,-
3167,0.0,-
3168,4.2,Polish zloty
3169,10.5,Polish zloty
3170,0.0,-
3171,18.689999999999998,Polish zloty
3172,0.0,-
3173,0.0,-
3174,0.0,-
3175,0.0,-
3176,15.75,Polish zloty
3177,18.689999999999998,Polish zloty
3178,0.0,-
3179,1500.0,Russian ruble
3180,2150.0,Russian ruble
3181,0.0,-
3182,2450.0,Russian ruble
3183,0.0,-
3184,57.599999999999994,Swiss Franc
3185,0.0,-
3186,0.0,-
3187,975.0,Ukrainian hryvnia
3188,0.0,-
3189,0.0,-
3190,390.0,Ukrainian hryvnia
3191,0.0,-
3192,700.0,Ukrainian hryvnia
3193,0.0,-
3194,0.0,-
3195,0.0,-
3196,0.0,-
3197,0.0,-
3198,550.0,Ukrainian hryvnia
3199,0.0,-
3200,0.0,-
3201,600.0,Ukrainian hryvnia
3202,0.0,-
3203,0.0,-
3204,0.0,-
3205,0.0,-
3206,0.0,-
3207,0.0,-
3208,0.0,-
3209,0.0,-
3210,0.0,-
3211,0.0,-
3212,0.0,-
3213,0.0,-
3214,0.0,-
3215,0.0,-
3216,0.0,-
3217,0.0,-
3218,0.0,-
3219,0.0,-
3220,240.0,Ukrainian hryvnia
3221,0.0,-
3222,0.0,-
3223,0.0,-
3224,0.0,-
3225,0.0,-
3226,0.0,-
3227,400.0,Ukrainian hryvnia
3228,0.0,-
3229,0.0,-
3230,0.0,-
3231,0.0,-
3232,0.0,-
3233,0.0,-
3234,0.0,-
3235,0.0,-
3236,1900.0,Russian ruble
3237,0.0,-
3238,0.0,-
3239,0.0,-
3240,0.0,-
3241,0.0,-
3242,0.0,-
3243,45.0,European Euro
3244,45.0,European Euro
3247,0.0,-
3248,0.0,-
3249,0.0,-
3250,0.0,-
3252,0.0,-
3253,0.0,-
3254,0.0,-
3255,0.0,-
3257,0.0,-
3258,0.0,-
3260,0.0,-
3261,30.0,European Euro
3262,0.0,-
3263,13.0,European Euro
3264,15.0,European Euro
3265,0.0,-
3266,11.0,European Euro
3267,12.0,European Euro
3268,25.0,European Euro
3269,0.0,-
3270,11.0,European Euro
3271,0.0,-
3272,0.0,-
3273,0.0,-
3274,0.0,-
3275,0.0,-
3276,0.0,-
3277,14.0,European Euro
3278,0.0,-
3279,22.0,European Euro
3280,0.0,-
3281,15.0,European Euro
3282,0.0,-
3283,15.0,European Euro
3284,0.0,-
3285,3650.0,Icelandic krona
3286,3000.0,Icelandic krona
3287,4900.0,Icelandic krona
3288,0.0,-
3289,2650.0,Icelandic krona
3290,3500.0,Icelandic krona
3291,3550.0,Icelandic krona
3292,3500.0,Icelandic krona
3293,2500.0,Icelandic krona
3294,470.0,Icelandic krona
3295,2800.0,Icelandic krona
3296,100.0,Romanian leu
3297,145.0,Romanian leu
3298,160.0,Romanian leu
3299,145.0,Romanian leu
3300,83.0,Romanian leu
3301,0.0,-
3302,110.0,Romanian leu
3303,0.0,-
3304,140.0,Romanian leu
3305,0.0,-
3306,0.0,-
3307,0.0,-
3308,0.0,-
3309,0.0,-
3310,0.0,-
3311,0.0,-
3312,0.0,-
3313,0.0,-
3314,50.0,Romanian leu
3315,50.0,Romanian leu
3316,0.0,-
3317,120.0,Romanian leu
3318,0.0,-
3319,0.0,-
3320,0.0,-
3321,0.0,-
3322,0.0,-
3323,0.0,-
3324,0.0,-
3325,0.0,-
3326,0.0,-
3327,0.0,-
3328,0.0,-
3329,0.0,-
3330,0.0,-
3331,0.0,-
3332,0.0,-
3333,35.0,Romanian leu
3334,0.0,-
3335,0.0,-
3336,0.0,-
3337,0.0,-
3338,0.0,-
3339,0.0,-
3340,0.0,-
3341,0.0,-
3342,50.0,Romanian leu
3343,0.0,-
3344,0.0,-
3345,0.0,-
3346,0.0,-
3347,66.0,Romanian leu
3348,45.0,Romanian leu
3349,0.0,-
3350,0.0,-
3351,0.0,-
3352,0.0,-
3353,0.0,-
3354,0.0,-
3355,0.0,-
3356,0.0,-
3357,80.0,Romanian leu
3358,0.0,-
3359,90.0,Romanian leu
3360,0.0,-
3361,0.0,-
3362,0.0,-
3363,90.0,Romanian leu
3364,0.0,-
3365,0.0,-
3366,0.0,-
3367,90.0,Romanian leu
3368,0.0,-
3369,0.0,-
3370,0.0,-
3371,0.0,-
3372,0.0,-
3373,0.0,-
3374,0.0,-
3375,0.0,-
3376,0.0,-
3377,160.0,Romanian leu
3378,0.0,-
3379,0.0,-
3380,0.0,-
3381,45.0,Romanian leu
3382,85.0,Romanian leu
3383,0.0,-
3384,0.0,-
3385,0.0,-
3386,0.0,-
3387,0.0,-
3388,0.0,-
3390,30.0,UK Pound
3391,32.0,UK Pound
3392,36.0,UK Pound
3393,0.0,-
3394,59.0,UK Pound
3395,0.0,-
3398,14.0,UK Pound
3399,30.0,UK Pound
3401,0.0,-
3402,0.0,-
3403,0.0,-
3404,15.0,UK Pound
3405,0.0,-
3406,32.0,UK Pound
3407,26.0,UK Pound
3408,17.0,UK Pound
3409,0.0,-
3411,12.0,UK Pound
3412,0.0,-
3413,12.0,UK Pound
3414,16.0,UK Pound
3416,10.0,UK Pound
3417,0.0,-
3419,17.0,UK Pound
3420,0.0,-
3421,0.0,-
3422,7.0,UK Pound
3423,0.0,-
3424,31.0,UK Pound
3425,0.0,-
3426,24.0,UK Pound
3427,6.0,UK Pound
3428,0.0,-
3429,0.0,-
3430,0.0,-
3431,0.0,-
3433,0.0,-
3434,0.0,-
3435,0.0,-
3436,25.0,UK Pound
3437,12.0,UK Pound
3438,35.0,UK Pound
3439,7.0,UK Pound
3440,0.0,-
3441,0.0,-
3442,0.0,-
3444,24.0,UK Pound
3445,35.0,UK Pound
3446,30.0,UK Pound
3447,15.0,UK Pound
3448,0.0,-
3450,50.0,UK Pound
3451,0.0,-
3452,0.0,-
3453,46.0,UK Pound
3454,0.0,-
3456,0.0,-
3457,0.0,-
3458,15.0,UK Pound
3459,20.0,UK Pound
3461,0.0,-
3462,69.0,UK Pound
3464,30.0,UK Pound
3465,11.0,UK Pound
3466,15.0,UK Pound
3467,20.0,UK Pound
3468,0.0,-
3469,700.0,Russian ruble
3470,0.0,-
3471,0.0,-
3472,1200.0,Russian ruble
3473,0.0,-
3474,0.0,-
3475,850.0,Russian ruble
3476,0.0,-
3477,0.0,-
3478,0.0,-
3479,1100.0,Macedonian denar
3480,0.0,-
3481,0.0,-
3482,900.0,Macedonian denar
3483,0.0,-
3484,0.0,-
3485,0.0,-
3486,18.0,European Euro
3487,29.0,European Euro
3488,0.0,-
3489,0.0,-
3490,0.0,-
3491,0.0,-
3492,0.0,-
3493,15.0,European Euro
3494,0.0,-
3495,0.0,-
3496,0.0,-
3497,0.0,-
3498,38.0,European Euro
3499,41.0,European Euro
3500,45.0,European Euro
3501,0.0,-
3502,0.0,-
3503,0.0,-
3504,15.0,European Euro
3505,12.0,European Euro
3506,0.0,-
3507,12.0,European Euro
3508,14.0,European Euro
3509,10.0,European Euro
3510,16.900000000000002,Danish Krone
3511,0.0,-
3512,35.75,Danish Krone
3513,13.0,Danish Krone
3514,0.0,-
3515,18.2,Danish Krone
3516,0.0,-
3517,0.0,-
3518,58.0,US Dollar
3519,0.0,-
3520,58.0,US Dollar
3521,0.0,-
3522,0.0,-
3523,35.0,US Dollar
3524,79.0,US Dollar
3525,159.0,US Dollar
3526,55.0,US Dollar
3527,43.0,US Dollar
3528,48.0,US Dollar
3529,45.0,US Dollar
3530,104.0,US Dollar
3531,35.0,US Dollar
3532,85.0,US Dollar
3533,0.0,-
3534,42.0,US Dollar
3535,73.0,US Dollar
3536,30.0,US Dollar
3537,35.0,US Dollar
3538,56.0,US Dollar
3539,61.0,US Dollar
3540,35.0,US Dollar
3541,100.0,US Dollar
3542,89.0,US Dollar
3543,169.0,US Dollar
3544,169.0,US Dollar
3545,85.0,US Dollar
3546,30.0,US Dollar
3547,10.0,US Dollar
3548,47.0,US Dollar
3549,20.0,US Dollar
3550,125.0,US Dollar
3551,67.0,US Dollar
3552,89.0,US Dollar
3553,20.0,US Dollar
3554,79.0,US Dollar
3555,0.0,-
3556,25.0,US Dollar
3557,45.0,US Dollar
3558,22.0,US Dollar
3559,189.0,US Dollar
3560,48.0,US Dollar
3561,65.0,US Dollar
3562,0.0,-
3563,68.0,US Dollar
3564,62.0,US Dollar
3565,59.0,US Dollar
3566,58.0,US Dollar
3567,0.0,-
3568,65.0,US Dollar
3569,135.0,US Dollar
3570,30.0,US Dollar
3571,0.0,-
3572,38.0,US Dollar
3573,44.0,US Dollar
3574,55.0,US Dollar
3575,29.0,US Dollar
3576,0.0,-
3577,0.0,-
3578,65.0,US Dollar
3579,40.0,US Dollar
3580,44.0,US Dollar
3581,45.0,US Dollar
3582,62.0,US Dollar
3583,85.0,US Dollar
3584,39.0,US Dollar
3585,59.0,US Dollar
3586,74.0,US Dollar
3587,64.0,US Dollar
3588,43.0,US Dollar
3589,35.0,US Dollar
3590,47.0,US Dollar
3591,22.0,US Dollar
3592,89.0,US Dollar
3593,89.0,US Dollar
3594,52.0,US Dollar
3595,43.0,US Dollar
3596,32.0,US Dollar
3597,164.0,US Dollar
3598,89.0,US Dollar
3599,69.0,US Dollar
3600,60.0,US Dollar
3601,79.0,US Dollar
3602,72.0,US Dollar
3603,79.0,US Dollar
3604,31.0,US Dollar
3605,64.0,US Dollar
3606,65.0,US Dollar
3607,44.0,US Dollar
3608,0.0,-
3609,40.0,US Dollar
3610,55.0,US Dollar
3611,64.0,US Dollar
3612,169.0,US Dollar
3613,65.0,US Dollar
3614,47.0,US Dollar
3615,39.0,US Dollar
3616,67.0,US Dollar
3617,34.0,US Dollar
3618,45.0,US Dollar
3619,15.0,US Dollar
3620,68.0,US Dollar
3621,75.0,US Dollar
3622,37.0,US Dollar
3623,0.0,-
3624,0.0,-
3625,465.0,US Dollar
3626,325.0,US Dollar
3627,65.0,US Dollar
3628,66.0,US Dollar
3629,0.0,-
3630,0.0,-
3631,42.0,US Dollar
3632,10.0,US Dollar
3633,52.0,US Dollar
3634,79.0,US Dollar
3635,37.0,US Dollar
3636,45.0,US Dollar
3637,0.0,-
3638,45.0,US Dollar
3639,30.0,US Dollar
3640,25.0,US Dollar
3641,38.0,US Dollar
3642,32.0,US Dollar
3643,52.0,US Dollar
3644,32.0,US Dollar
3645,150.0,US Dollar
3646,0.0,-
3647,20.0,US Dollar
3648,72.0,US Dollar
3649,39.0,US Dollar
3650,115.0,US Dollar
3651,64.0,US Dollar
3652,72.0,US Dollar
3653,80.0,US Dollar
3654,48.0,US Dollar
3655,45.0,US Dollar
3656,135.0,US Dollar
3657,0.0,-
3658,40.0,US Dollar
3659,55.0,US Dollar
3660,79.0,US Dollar
3661,0.0,-
3662,46.0,US Dollar
3663,72.0,US Dollar
3664,120.0,US Dollar
3665,59.0,US Dollar
3666,69.0,US Dollar
3667,40.0,US Dollar
3668,0.0,-
3669,20.0,US Dollar
3670,65.0,US Dollar
3671,42.0,US Dollar
3672,52.0,US Dollar
3673,15.0,US Dollar
3674,49.0,US Dollar
3675,25.0,US Dollar
3676,94.0,US Dollar
3677,66.0,US Dollar
3678,40.0,US Dollar
3679,20.0,US Dollar
3680,0.0,-
3681,20.0,US Dollar
3682,0.0,-
3683,28.0,US Dollar
3684,24.0,US Dollar
3685,0.0,-
3686,40.0,US Dollar
3687,54.0,US Dollar
3688,12.0,US Dollar
3689,83.0,US Dollar
3690,74.0,US Dollar
3691,53.0,US Dollar
3692,90.0,US Dollar
3693,49.0,US Dollar
3694,80.0,US Dollar
3695,35.0,US Dollar
3696,26.0,US Dollar
3697,40.0,US Dollar
3698,68.0,US Dollar
3699,86.0,US Dollar
3700,0.0,-
3701,30.0,US Dollar
3702,0.0,-
3703,152.0,US Dollar
3704,25.0,US Dollar
3705,27.0,US Dollar
3706,39.0,US Dollar
3707,45.0,US Dollar
3708,48.0,US Dollar
3709,69.0,US Dollar
3710,20.0,US Dollar
3711,32.0,US Dollar
3712,42.0,US Dollar
3713,42.0,US Dollar
3714,75.0,US Dollar
3715,70.0,US Dollar
3716,0.0,-
3717,54.0,US Dollar
3718,25.0,US Dollar
3719,30.0,US Dollar
3720,55.0,US Dollar
3721,80.0,US Dollar
3722,0.0,-
3723,34.0,US Dollar
3725,0.0,-
3726,65.0,US Dollar
3727,58.0,US Dollar
3728,149.0,US Dollar
3729,82.0,US Dollar
3730,0.0,-
3731,81.0,US Dollar
3732,109.0,US Dollar
3733,40.0,US Dollar
3734,20.0,US Dollar
3735,5.0,US Dollar
3736,12.0,US Dollar
3737,159.0,US Dollar
3738,115.0,US Dollar
3739,55.0,US Dollar
3740,119.0,US Dollar
3741,60.0,US Dollar
3742,53.0,US Dollar
3743,15.0,US Dollar
3744,70.0,US Dollar
3745,0.0,-
3746,53.0,US Dollar
3747,18.0,US Dollar
3748,76.0,US Dollar
3749,15.0,US Dollar
3750,44.0,US Dollar
3751,5.0,US Dollar
3752,20.0,US Dollar
3753,44.0,US Dollar
3754,95.0,US Dollar
3755,42.0,US Dollar
3756,45.0,US Dollar
3757,48.0,US Dollar
3758,75.0,US Dollar
3759,82.0,US Dollar
3760,15.0,US Dollar
3761,0.0,-
3762,82.0,US Dollar
3763,45.0,US Dollar
3764,67.0,US Dollar
3765,31.0,US Dollar
3766,159.0,US Dollar
3767,0.0,-
3768,46.0,US Dollar
3769,70.0,US Dollar
3770,36.0,US Dollar
3771,30.0,US Dollar
3772,36.0,US Dollar
3773,45.0,US Dollar
3774,0.0,-
3775,55.0,US Dollar
3776,0.0,-
3777,60.0,US Dollar
3778,74.0,US Dollar
3780,45.0,US Dollar
3781,62.0,US Dollar
3782,47.0,US Dollar
3783,39.0,US Dollar
3784,0.0,-
3785,0.0,-
3786,38.0,US Dollar
3787,7.0,US Dollar
3788,31.0,US Dollar
3789,95.0,US Dollar
3790,69.0,US Dollar
3791,74.0,US Dollar
3792,74.0,US Dollar
3793,74.0,US Dollar
3794,59.0,US Dollar
3795,46.0,US Dollar
3796,24.0,US Dollar
3797,96.0,US Dollar
3798,350.0,US Dollar
3799,62.0,US Dollar
3800,69.0,US Dollar
3801,59.0,US Dollar
3802,63.0,US Dollar
3803,0.0,-
3804,30.0,US Dollar
3805,32.0,US Dollar
3806,43.0,US Dollar
3807,82.0,US Dollar
3808,53.0,US Dollar
3809,20.0,US Dollar
3810,41.0,US Dollar
3811,51.0,US Dollar
3812,40.0,US Dollar
3813,0.0,-
3814,49.0,US Dollar
3815,20.0,US Dollar
3816,125.0,US Dollar
3817,58.0,US Dollar
3818,58.0,US Dollar
3819,55.0,US Dollar
3820,84.0,US Dollar
3821,50.0,US Dollar
3822,0.0,-
3823,16.0,US Dollar
3824,43.0,US Dollar
3825,55.0,US Dollar
3826,27.0,US Dollar
3827,0.0,-
3828,44.0,US Dollar
3829,45.0,US Dollar
3830,0.0,-
3831,0.0,-
3832,15.0,US Dollar
3833,152.0,US Dollar
3834,45.0,US Dollar
3835,80.0,US Dollar
3836,0.0,-
3837,38.0,US Dollar
3838,65.0,US Dollar
3839,26.0,US Dollar
3840,110.0,US Dollar
3841,40.0,US Dollar
3842,65.0,US Dollar
3843,49.0,US Dollar
3844,22.0,US Dollar
3845,42.0,US Dollar
3846,145.0,US Dollar
3847,66.0,US Dollar
3848,0.0,-
3849,43.0,US Dollar
3850,59.0,US Dollar
3851,0.0,-
3852,0.0,-
3853,74.0,US Dollar
3854,43.0,US Dollar
3855,56.0,US Dollar
3856,45.0,US Dollar
3857,0.0,-
3858,61.0,US Dollar
3859,0.0,-
3860,0.0,-
3861,0.0,-
3862,0.0,-
3863,38.0,US Dollar
3864,39.0,US Dollar
3865,0.0,-
3866,85.0,US Dollar
3867,48.0,US Dollar
3868,55.0,US Dollar
3869,0.0,-
3870,71.0,US Dollar
3871,5.0,US Dollar
3872,8.0,US Dollar
3873,89.0,US Dollar
3874,0.0,-
3875,36.0,US Dollar
3876,8.0,US Dollar
3877,79.0,US Dollar
3878,45.0,US Dollar
3879,0.0,-
3880,0.0,-
3881,53.0,US Dollar
3882,73.0,US Dollar
3883,0.0,-
3884,0.0,-
3885,0.0,-
3886,20.0,US Dollar
3887,68.0,US Dollar
3888,40.0,US Dollar
3889,0.0,-
3890,69.0,US Dollar
3891,0.0,-
3892,25.0,US Dollar
3893,55.0,US Dollar
3894,75.0,US Dollar
3895,40.0,US Dollar
3896,40.0,US Dollar
3897,37.0,US Dollar
3898,79.0,US Dollar
3899,0.0,-
3900,0.0,-
3901,36.0,US Dollar
3902,87.0,US Dollar
3903,69.0,US Dollar
3904,69.0,US Dollar
3905,62.0,US Dollar
3906,65.0,US Dollar
3907,45.0,US Dollar
3908,0.0,-
3909,104.0,US Dollar
3910,0.0,-
3911,60.0,US Dollar
3912,0.0,-
3913,59.0,US Dollar
3914,45.0,US Dollar
3915,35.0,US Dollar
3916,49.0,US Dollar
3917,35.0,US Dollar
3918,0.0,-
3919,0.0,-
3920,34.0,US Dollar
3921,0.0,-
3922,80.0,US Dollar
3923,40.0,US Dollar
3924,44.0,US Dollar
3925,0.0,-
3926,55.0,US Dollar
3927,39.0,US Dollar
3928,32.0,US Dollar
3929,89.0,US Dollar
3930,49.0,US Dollar
3931,79.0,US Dollar
3932,99.0,US Dollar
3933,129.0,US Dollar
3934,25.0,US Dollar
3935,169.0,US Dollar
3936,99.0,US Dollar
3937,35.0,US Dollar
3938,45.0,US Dollar
3939,39.0,US Dollar
3940,38.0,US Dollar
3941,88.0,US Dollar
3942,56.0,US Dollar
3943,49.0,US Dollar
3944,35.0,US Dollar
3945,48.0,US Dollar
3946,25.0,US Dollar
3947,129.0,US Dollar
3948,0.0,-
3949,8.0,US Dollar
3950,165.0,US Dollar
3951,0.0,-
3952,74.0,US Dollar
3953,10.0,US Dollar
3954,0.0,-
3955,131.0,US Dollar
3956,105.0,US Dollar
3957,115.0,US Dollar
3958,72.0,US Dollar
3959,97.0,US Dollar
3960,95.0,US Dollar
3961,68.0,US Dollar
3962,30.0,US Dollar
3963,42.0,US Dollar
3964,70.0,US Dollar
3965,105.0,US Dollar
3966,60.0,US Dollar
3967,45.0,US Dollar
3968,63.0,US Dollar
3969,71.0,US Dollar
3970,0.0,-
3971,54.0,US Dollar
3972,42.0,US Dollar
3973,69.0,US Dollar
3974,105.0,US Dollar
3975,133.0,US Dollar
3976,0.0,-
3977,53.0,US Dollar
3978,45.0,US Dollar
3979,0.0,-
3980,50.0,US Dollar
3981,0.0,-
3982,0.0,-
3983,40.0,US Dollar
3984,79.0,US Dollar
3985,55.0,US Dollar
3986,52.0,US Dollar
3987,40.0,US Dollar
3988,76.0,US Dollar
3989,79.0,US Dollar
3990,22.0,US Dollar
3991,45.0,US Dollar
3992,50.0,US Dollar
3993,59.0,US Dollar
3994,0.0,-
3995,50.0,US Dollar
3996,37.0,US Dollar
3997,48.0,US Dollar
3998,0.0,-
3999,45.0,US Dollar
4000,169.0,US Dollar
4001,0.0,-
4002,0.0,-
4003,0.0,-
4004,40.0,US Dollar
4005,0.0,-
4006,69.0,US Dollar
4007,49.0,US Dollar
4008,32.0,US Dollar
4009,81.0,US Dollar
4010,56.0,US Dollar
4011,63.0,US Dollar
4012,59.0,US Dollar
4013,43.0,US Dollar
4014,0.0,-
4015,63.0,US Dollar
4016,48.0,US Dollar
4017,94.0,US Dollar
4018,79.0,US Dollar
4019,75.0,US Dollar
4020,30.0,US Dollar
4021,51.0,US Dollar
4022,85.0,US Dollar
4023,49.0,US Dollar
4024,43.0,US Dollar
4025,64.0,US Dollar
4026,85.0,US Dollar
4027,10.0,US Dollar
4028,159.0,US Dollar
4029,0.0,-
4030,84.0,US Dollar
4031,69.0,US Dollar
4032,74.0,US Dollar
4033,70.0,US Dollar
4034,56.0,US Dollar
4035,42.0,US Dollar
4036,43.0,US Dollar
4037,49.0,US Dollar
4038,0.0,-
4039,0.0,-
4040,0.0,-
4041,0.0,-
4042,0.0,-
4043,0.0,-
4044,0.0,-
4045,0.0,-
4046,0.0,-
4047,1119000.0,Iranian rial
4048,0.0,-
4049,0.0,-
4050,0.0,-
4051,0.0,-
4052,0.0,-
4053,0.0,-
4054,0.0,-
4055,0.0,-
4056,0.0,-
4057,0.0,-
4058,0.0,-
4059,0.0,-
4060,0.0,-
4061,0.0,-
4062,0.0,-
4063,0.0,-
4064,0.0,-
4065,0.0,-
4066,0.0,-
4067,0.0,-
4068,0.0,-
4069,0.0,-
4070,0.0,-
4071,0.0,-
4072,0.0,-
4073,0.0,-
4074,0.0,-
4075,70.0,Turkish lira
4076,0.0,-
4077,0.0,-
4078,0.0,-
4079,0.0,-
4080,0.0,-
4081,0.0,-
4082,0.0,-
4083,0.0,-
4084,40.0,Turkish lira
4085,0.0,-
4086,0.0,-
4087,0.0,-
4088,0.0,-
4089,60.0,Turkish lira
4090,0.0,-
4091,45.0,Turkish lira
4092,35.0,Turkish lira
4093,0.0,-
4094,0.0,-
4095,120.0,Turkish lira
4096,2940.0,Japanese Yen
4097,0.0,-
4098,0.0,-
4099,0.0,-
4100,4000.0,Japanese Yen
4101,4000.0,Japanese Yen
4102,4000.0,Japanese Yen
4103,4200.0,Japanese Yen
4104,0.0,-
4105,2400.0,Japanese Yen
4106,800.0,Japanese Yen
4107,3200.0,Japanese Yen
4108,0.0,-
4109,0.0,-
4110,0.0,-
4111,4000.0,Japanese Yen
4112,0.0,-
4113,4700.0,Japanese Yen
4114,0.0,-
4115,3600.0,Japanese Yen
4116,0.0,-
4117,0.0,-
4118,5600.0,Japanese Yen
4119,2400.0,Japanese Yen
4120,3500.0,Japanese Yen
4121,2000.0,Japanese Yen
4122,0.0,-
4123,3500.0,Japanese Yen
4124,3300.0,Japanese Yen
4125,4500.0,Japanese Yen
4126,2900.0,Japanese Yen
4127,0.0,-
4128,3000.0,Japanese Yen
4129,4000.0,Japanese Yen
4130,0.0,-
4131,2900.0,Japanese Yen
4132,0.0,-
4133,0.0,-
4134,0.0,-
4135,700.0,Japanese Yen
4136,0.0,-
4137,3400.0,Japanese Yen
4138,0.0,-
4139,0.0,-
4140,3500.0,Japanese Yen
4141,0.0,-
4142,0.0,-
4143,0.0,-
4144,0.0,-
4145,0.0,-
4146,0.0,-
4147,0.0,-
4148,3500.0,Japanese Yen
4149,4300.0,Japanese Yen
4150,3000.0,Japanese Yen
4151,2500.0,Japanese Yen
4152,4700.0,Japanese Yen
4153,3900.0,Japanese Yen
4154,3500.0,Japanese Yen
4155,4000.0,Japanese Yen
4156,3000.0,Japanese Yen
4157,0.0,-
4158,0.0,-
4159,1700.0,Japanese Yen
4160,2900.0,Japanese Yen
4161,2000.0,Japanese Yen
4162,2600.0,Japanese Yen
4163,0.0,-
4164,2500.0,Japanese Yen
4165,0.0,-
4166,4000.0,Japanese Yen
4167,4800.0,Japanese Yen
4168,0.0,-
4169,0.0,-
4170,0.0,-
4171,3400.0,Japanese Yen
4172,4500.0,Japanese Yen
4173,3500.0,Japanese Yen
4174,4900.0,Japanese Yen
4175,3600.0,Japanese Yen
4176,4400.0,Japanese Yen
4177,2900.0,Japanese Yen
4178,2300.0,Japanese Yen
4179,2600.0,Japanese Yen
4180,1570.0,Japanese Yen
4181,0.0,-
4182,3400.0,Japanese Yen
4183,4700.0,Japanese Yen
4184,3000.0,Japanese Yen
4185,0.0,-
4186,4500.0,Japanese Yen
4187,4000.0,Japanese Yen
4188,5500.0,Japanese Yen
4189,1680.0,Japanese Yen
4190,0.0,-
4191,4600.0,Japanese Yen
4192,4600.0,Japanese Yen
4193,4500.0,Japanese Yen
4194,0.0,-
4195,0.0,-
4196,5000.0,Japanese Yen
4197,0.0,-
4198,0.0,-
4199,5000.0,Japanese Yen
4200,0.0,-
4201,0.0,-
4202,4000.0,Japanese Yen
4203,4700.0,Japanese Yen
4204,0.0,-
4205,0.0,-
4206,3700.0,Japanese Yen
4207,3500.0,Japanese Yen
4208,4500.0,Japanese Yen
4209,2700.0,Japanese Yen
4210,2800.0,Japanese Yen
4211,0.0,-
4212,0.0,-
4213,0.0,-
4214,4800.0,Japanese Yen
4215,4800.0,Japanese Yen
4216,5000.0,Japanese Yen
4217,0.0,-
4218,4000.0,Japanese Yen
4219,0.0,-
4220,0.0,-
4221,0.0,-
4222,0.0,-
4223,0.0,-
4224,3000.0,Japanese Yen
4225,5200.0,Japanese Yen
4226,3000.0,Japanese Yen
4227,5000.0,Japanese Yen
4228,4300.0,Japanese Yen
4229,0.0,-
4230,3600.0,Japanese Yen
4231,3600.0,Japanese Yen
4232,3000.0,Japanese Yen
4233,0.0,-
4234,3700.0,Japanese Yen
4235,5000.0,Japanese Yen
4236,3500.0,Japanese Yen
4237,0.0,-
4238,0.0,-
4239,0.0,-
4240,0.0,-
4241,0.0,-
4242,2500.0,Japanese Yen
4243,0.0,-
4244,0.0,-
4245,3500.0,Japanese Yen
4246,3000.0,Japanese Yen
4247,4200.0,Japanese Yen
4248,4000.0,Japanese Yen
4249,4000.0,Japanese Yen
4250,0.0,-
4251,5000.0,Japanese Yen
4252,0.0,-
4253,2200.0,Japanese Yen
4254,5400.0,Japanese Yen
4255,3800.0,Japanese Yen
4256,0.0,-
4257,3900.0,Japanese Yen
4258,4700.0,Japanese Yen
4259,0.0,-
4260,4000.0,Japanese Yen
4261,3000.0,Japanese Yen
4262,4000.0,Japanese Yen
4263,0.0,-
4264,5000.0,Japanese Yen
4265,5000.0,Japanese Yen
4266,5000.0,Japanese Yen
4267,0.0,-
4268,0.0,-
4269,3500.0,Japanese Yen
4270,3600.0,Japanese Yen
4271,4000.0,Japanese Yen
4272,0.0,-
4273,4300.0,Japanese Yen
4274,3800.0,Japanese Yen
4275,4700.0,Japanese Yen
4276,0.0,-
4277,1540.0,Japanese Yen
4278,0.0,-
4279,4200.0,Japanese Yen
4280,0.0,-
4281,3600.0,Japanese Yen
4282,4000.0,Japanese Yen
4283,0.0,-
4284,3600.0,Japanese Yen
4285,0.0,-
4286,3000.0,Japanese Yen
4287,2600.0,Japanese Yen
4288,0.0,-
4289,4000.0,Japanese Yen
4290,4400.0,Japanese Yen
4291,0.0,-
4292,0.0,-
4293,3300.0,Japanese Yen
4294,4700.0,Japanese Yen
4295,3300.0,Japanese Yen
4296,3500.0,Japanese Yen
4297,3700.0,Japanese Yen
4298,4000.0,Japanese Yen
4299,0.0,-
4300,3600.0,Japanese Yen
4301,3900.0,Japanese Yen
4302,3600.0,Japanese Yen
4303,0.0,-
4304,2600.0,Japanese Yen
4305,0.0,-
4306,3600.0,Japanese Yen
4307,3100.0,Japanese Yen
4308,3000.0,Japanese Yen
4309,0.0,-
4310,0.0,-
4311,3000.0,Japanese Yen
4312,0.0,-
4313,4500.0,Japanese Yen
4314,3800.0,Japanese Yen
4315,5300.0,Japanese Yen
4316,3500.0,Japanese Yen
4317,5000.0,Japanese Yen
4318,0.0,-
4319,4500.0,Japanese Yen
4320,0.0,-
4321,4500.0,Japanese Yen
4322,0.0,-
4323,4000.0,Japanese Yen
4324,5000.0,Japanese Yen
4325,0.0,-
4326,0.0,-
4327,5500.0,Japanese Yen
4328,0.0,-
4329,0.0,-
4330,0.0,-
4331,0.0,-
4332,0.0,-
4333,0.0,-
4334,0.0,-
4335,3800.0,Japanese Yen
4336,0.0,-
4337,0.0,-
4338,0.0,-
4339,0.0,-
4340,3000.0,Japanese Yen
4341,2600.0,Japanese Yen
4342,0.0,-
4343,4000.0,Japanese Yen
4344,0.0,-
4345,3800.0,Japanese Yen
4346,0.0,-
4347,4000.0,Japanese Yen
4348,0.0,-
4349,5500.0,Japanese Yen
4350,4800.0,Japanese Yen
4351,5000.0,Japanese Yen
4352,0.0,-
4353,3200.0,Japanese Yen
4354,4000.0,Japanese Yen
4355,0.0,-
4356,1500.0,Japanese Yen
4357,4300.0,Japanese Yen
4358,3900.0,Japanese Yen
4359,4200.0,Japanese Yen
4360,4200.0,Japanese Yen
4361,0.0,-
4362,3000.0,Japanese Yen
4363,3800.0,Japanese Yen
4364,2500.0,Japanese Yen
4365,0.0,-
4366,2500.0,Japanese Yen
4367,3600.0,Japanese Yen
4368,2500.0,Japanese Yen
4369,5000.0,Japanese Yen
4370,0.0,-
4371,3100.0,Japanese Yen
4372,1000.0,Japanese Yen
4373,4500.0,Japanese Yen
4374,4700.0,Japanese Yen
4375,5000.0,Japanese Yen
4376,4900.0,Japanese Yen
4377,2500.0,Japanese Yen
4378,0.0,-
4379,2500.0,Japanese Yen
4380,0.0,-
4381,0.0,-
4382,5400.0,Japanese Yen
4383,4500.0,Japanese Yen
4384,0.0,-
4385,2500.0,Japanese Yen
4386,0.0,-
4387,0.0,-
4388,4300.0,Japanese Yen
4389,4200.0,Japanese Yen
4390,3500.0,Japanese Yen
4391,4500.0,Japanese Yen
4392,2500.0,Japanese Yen
4393,5100.0,Japanese Yen
4394,3500.0,Japanese Yen
4395,4500.0,Japanese Yen
4396,2700.0,Japanese Yen
4397,5700.0,Japanese Yen
4398,4800.0,Japanese Yen
4399,0.0,-
4400,4300.0,Japanese Yen
4401,3400.0,Japanese Yen
4402,2000.0,Japanese Yen
4403,0.0,-
4404,3600.0,Japanese Yen
4405,0.0,-
4406,0.0,-
4407,0.0,-
4408,0.0,-
4409,2500.0,Japanese Yen
4410,4400.0,Japanese Yen
4411,4752.0,Japanese Yen
4412,3500.0,Japanese Yen
4413,3500.0,Japanese Yen
4414,0.0,-
4415,4100.0,Japanese Yen
4416,3900.0,Japanese Yen
4417,3900.0,Japanese Yen
4418,2000.0,Japanese Yen
4419,2800.0,Japanese Yen
4420,4800.0,Japanese Yen
4421,4700.0,Japanese Yen
4422,5700.0,Japanese Yen
4423,5700.0,Japanese Yen
4424,0.0,-
4425,0.0,-
4426,0.0,-
4427,0.0,-
4428,0.0,-
4429,0.0,-
4430,0.0,-
4431,2000.0,Japanese Yen
4432,0.0,-
4433,2000.0,Japanese Yen
4434,4200.0,Japanese Yen
4435,0.0,-
4436,0.0,-
4437,4500.0,Japanese Yen
4438,0.0,-
4439,0.0,-
4440,2110.0,Japanese Yen
4441,0.0,-
4442,0.0,-
4443,0.0,-
4444,0.0,-
4445,7400.0,Japanese Yen
4446,0.0,-
4447,0.0,-
4448,5000.0,Japanese Yen
4449,0.0,-
4450,0.0,-
4451,0.0,-
4452,0.0,-
4453,4000.0,Japanese Yen
4454,4000.0,Japanese Yen
4455,4100.0,Japanese Yen
4456,4500.0,Japanese Yen
4457,0.0,-
4458,4800.0,Japanese Yen
4459,3000.0,Japanese Yen
4460,4200.0,Japanese Yen
4461,0.0,-
4462,3000.0,Japanese Yen
4463,0.0,-
4464,0.0,-
4465,0.0,-
4466,3900.0,Japanese Yen
4467,2850.0,Japanese Yen
4468,0.0,-
4469,4200.0,Japanese Yen
4470,0.0,-
4471,0.0,-
4472,0.0,-
4473,4500.0,Japanese Yen
4474,0.0,-
4475,4000.0,Japanese Yen
4476,0.0,-
4477,0.0,-
4478,5000.0,Japanese Yen
4479,4000.0,Japanese Yen
4480,0.0,-
4481,0.0,-
4482,0.0,-
4483,0.0,-
4484,0.0,-
4485,4300.0,Japanese Yen
4486,3700.0,Japanese Yen
4487,0.0,-
4488,3900.0,Japanese Yen
4489,0.0,-
4490,0.0,-
4491,0.0,-
4492,5000.0,Japanese Yen
4493,4500.0,Japanese Yen
4494,0.0,-
4495,3100.0,Japanese Yen
4496,0.0,-
4497,0.0,-
4498,5100.0,Japanese Yen
4499,4400.0,Japanese Yen
4500,4200.0,Japanese Yen
4501,0.0,-
4502,0.0,-
4503,4000.0,Japanese Yen
4504,4200.0,Japanese Yen
4505,4500.0,Japanese Yen
4506,3000.0,Japanese Yen
4507,0.0,-
4508,0.0,-
4509,5800.0,Japanese Yen
4510,0.0,-
4511,3000.0,Japanese Yen
4512,0.0,-
4513,5900.0,Japanese Yen
4514,3900.0,Japanese Yen
4515,4500.0,Japanese Yen
4516,5000.0,Japanese Yen
4517,0.0,-
4518,3800.0,Japanese Yen
4519,4000.0,Japanese Yen
4520,0.0,-
4521,0.0,-
4522,0.0,-
4523,2800.0,Japanese Yen
4524,4500.0,Japanese Yen
4525,0.0,-
4526,0.0,-
4527,2000.0,Japanese Yen
4528,4100.0,Japanese Yen
4529,3500.0,Japanese Yen
4530,0.0,-
4531,0.0,-
4532,2000.0,Japanese Yen
4533,5000.0,Japanese Yen
4534,4000.0,Japanese Yen
4535,0.0,-
4536,0.0,-
4537,0.0,-
4538,0.0,-
4539,0.0,-
4540,0.0,-
4541,0.0,-
4542,0.0,-
4543,0.0,-
4544,3900.0,Japanese Yen
4545,4300.0,Japanese Yen
4546,0.0,-
4547,0.0,-
4548,4500.0,Japanese Yen
4549,0.0,-
4550,4000.0,Japanese Yen
4551,0.0,-
4552,0.0,-
4553,4200.0,Japanese Yen
4554,0.0,-
4555,0.0,-
4556,0.0,-
4557,0.0,-
4558,4000.0,Japanese Yen
4559,0.0,-
4560,5500.0,Japanese Yen
4561,0.0,-
4562,0.0,-
4563,0.0,-
4564,4200.0,Japanese Yen
4565,0.0,-
4566,3100.0,Japanese Yen
4567,0.0,-
4568,0.0,-
4569,4200.0,Japanese Yen
4570,0.0,-
4571,0.0,-
4572,0.0,-
4573,0.0,-
4574,0.0,-
4575,3800.0,Japanese Yen
4576,2800.0,Japanese Yen
4577,3600.0,Japanese Yen
4578,0.0,-
4579,0.0,-
4580,3800.0,Japanese Yen
4581,4000.0,Japanese Yen
4582,0.0,-
4583,4500.0,Japanese Yen
4584,5000.0,Japanese Yen
4585,0.0,-
4586,0.0,-
4587,0.0,-
4588,0.0,-
4589,3800.0,Japanese Yen
4590,0.0,-
4591,0.0,-
4592,5000.0,Japanese Yen
4593,3000.0,Japanese Yen
4594,0.0,-
4595,0.0,-
4596,4900.0,Japanese Yen
4597,0.0,-
4598,0.0,-
4599,0.0,-
4600,5000.0,Japanese Yen
4601,0.0,-
4602,0.0,-
4603,3800.0,Japanese Yen
4604,4100.0,Japanese Yen
4605,0.0,-
4606,5200.0,Japanese Yen
4607,0.0,-
4608,0.0,-
4609,0.0,-
4610,4500.0,Japanese Yen
4611,1575.0,Japanese Yen
4612,0.0,-
4613,5500.0,Japanese Yen
4614,5000.0,Japanese Yen
4615,0.0,-
4616,0.0,-
4617,0.0,-
4618,4000.0,Japanese Yen
4619,4200.0,Japanese Yen
4620,0.0,-
4621,0.0,-
4622,0.0,-
4623,0.0,-
4624,0.0,-
4625,2670.0,Japanese Yen
4626,5500.0,Japanese Yen
4627,0.0,-
4628,0.0,-
4629,0.0,-
4630,5100.0,Japanese Yen
4631,3800.0,Japanese Yen
4632,0.0,-
4633,0.0,-
4634,0.0,-
4635,0.0,-
4636,0.0,-
4637,2700.0,Japanese Yen
4638,0.0,-
4639,0.0,-
4640,0.0,-
4641,0.0,-
4642,3600.0,Japanese Yen
4643,5000.0,Japanese Yen
4644,0.0,-
4645,0.0,-
4646,4000.0,Japanese Yen
4647,0.0,-
4648,0.0,-
4649,4300.0,Japanese Yen
4650,0.0,-
4651,3800.0,Japanese Yen
4652,4700.0,Japanese Yen
4653,4800.0,Japanese Yen
4654,4300.0,Japanese Yen
4655,3500.0,Japanese Yen
4656,0.0,-
4657,0.0,-
4658,3600.0,Japanese Yen
4659,0.0,-
4660,0.0,-
4661,0.0,-
4662,0.0,-
4663,0.0,-
4664,0.0,-
4665,0.0,-
4666,0.0,-
4667,0.0,-
4668,4000.0,Japanese Yen
4669,4000.0,Japanese Yen
4670,2050.0,Japanese Yen
4671,0.0,-
4672,0.0,-
4673,0.0,-
4674,5000.0,Japanese Yen
4675,0.0,-
4676,4100.0,Japanese Yen
4677,0.0,-
4678,3100.0,Japanese Yen
4679,0.0,-
4680,0.0,-
4681,4000.0,Japanese Yen
4682,0.0,-
4683,4200.0,Japanese Yen
4684,4000.0,Japanese Yen
4685,4000.0,Japanese Yen
4686,4500.0,Japanese Yen
4687,0.0,-
4688,5000.0,Japanese Yen
4689,0.0,-
4690,0.0,-
4691,3300.0,Japanese Yen
4692,3300.0,Japanese Yen
4693,0.0,-
4694,0.0,-
4695,0.0,-
4696,0.0,-
4697,0.0,-
4698,0.0,-
4699,0.0,-
4700,0.0,-
4701,1800.0,Russian ruble
4702,0.0,-
4703,0.0,-
4704,0.0,-
4705,0.0,-
4706,0.0,-
4707,0.0,-
4708,0.0,-
4709,0.0,-
4710,0.0,-
4711,0.0,-
4712,0.0,-
4713,0.0,-
4714,0.0,-
4715,0.0,-
4716,0.0,-
4717,0.0,-
4718,0.0,-
4719,0.0,-
4720,0.0,-
4721,0.0,-
4722,0.0,-
4723,0.0,-
4724,0.0,-
4725,0.0,-
4726,0.0,-
4727,0.0,-
4728,0.0,-
4729,0.0,-
4730,0.0,-
4731,0.0,-
4732,22.0,Canadian Dollar
4733,80.0,Canadian Dollar
4734,56.0,Canadian Dollar
4735,78.0,Canadian Dollar
4736,50.0,Canadian Dollar
4737,0.0,-
4738,59.0,Canadian Dollar
4740,37.0,Canadian Dollar
4741,17.0,Canadian Dollar
4742,75.0,Canadian Dollar
4743,0.0,-
4744,42.0,Canadian Dollar
4745,38.0,Canadian Dollar
4746,20.0,Canadian Dollar
4747,105.0,Canadian Dollar
4748,0.0,-
4749,70.0,Canadian Dollar
4750,0.0,-
4751,39.0,Canadian Dollar
4752,31.0,Canadian Dollar
4754,68.0,Canadian Dollar
4755,0.0,-
4756,0.0,-
4757,42.0,Canadian Dollar
4758,67.0,Canadian Dollar
4759,40.0,Canadian Dollar
4761,0.0,-
4762,42.0,Canadian Dollar
4763,0.0,-
4764,0.0,-
4765,0.0,-
4766,0.0,-
4767,84.0,Canadian Dollar
4768,0.0,-
4769,0.0,-
4770,0.0,-
4771,15.0,Canadian Dollar
4772,0.0,-
4773,35.0,Canadian Dollar
4774,20.0,Canadian Dollar
4775,0.0,-
4776,40.0,Canadian Dollar
4777,80.0,Canadian Dollar
4778,0.0,-
4779,48.0,Canadian Dollar
4780,75.0,Canadian Dollar
4783,75.0,Canadian Dollar
4784,15.0,Canadian Dollar
4785,0.0,-
4786,30.0,Canadian Dollar
4787,0.0,-
4788,0.0,-
4790,30.0,Canadian Dollar
4791,47.0,Canadian Dollar
4792,23.0,Canadian Dollar
4793,25.0,Canadian Dollar
4795,0.0,-
4796,0.0,-
4797,0.0,-
4799,75.0,Canadian Dollar
4800,38.0,Canadian Dollar
4801,0.0,-
4802,0.0,-
4803,0.0,-
4804,0.0,-
4805,63.0,Canadian Dollar
4806,19.0,Canadian Dollar
4808,0.0,-
4810,0.0,-
4811,41.0,Canadian Dollar
4812,73.0,Canadian Dollar
4813,0.0,-
4814,49.0,Canadian Dollar
4815,44.0,Canadian Dollar
4816,62.0,Canadian Dollar
4817,60.0,Canadian Dollar
4818,15.0,Canadian Dollar
4819,8.0,Canadian Dollar
4820,0.0,-
4821,45.0,Canadian Dollar
4824,0.0,-
4825,33.0,Canadian Dollar
4826,10.0,Canadian Dollar
4827,0.0,-
4829,104.0,Canadian Dollar
4831,0.0,-
4832,34.0,Canadian Dollar
4833,45.0,Canadian Dollar
4834,78.0,Canadian Dollar
4835,0.0,-
4837,0.0,-
4838,25.0,Canadian Dollar
4839,14.0,Canadian Dollar
4840,51.0,Canadian Dollar
4841,0.0,-
4842,0.0,-
4843,57.0,Canadian Dollar
4844,63.0,Canadian Dollar
4845,60.0,Canadian Dollar
4846,95.0,Canadian Dollar
4847,40.0,Canadian Dollar
4849,0.0,-
4850,0.0,-
4851,0.0,-
4852,0.0,-
4853,37.0,Canadian Dollar
4854,31.0,Canadian Dollar
4856,25.0,Canadian Dollar
4857,0.0,-
4858,0.0,-
4860,25.0,Canadian Dollar
4861,32.0,Canadian Dollar
4863,31.0,Canadian Dollar
4865,25.0,Canadian Dollar
4866,0.0,-
4867,52.0,Canadian Dollar
4868,41.0,Canadian Dollar
4871,20.0,Canadian Dollar
4872,0.0,-
4874,0.0,-
4875,45.0,Canadian Dollar
4876,36.0,Canadian Dollar
4877,15.0,Canadian Dollar
4879,42.0,Canadian Dollar
4882,41.0,Canadian Dollar
4883,32.0,Canadian Dollar
4884,36.0,Canadian Dollar
4885,0.0,-
4886,38.0,Canadian Dollar
4887,35.0,Canadian Dollar
4889,62.0,Canadian Dollar
4891,12.0,Canadian Dollar
4892,0.0,-
4893,41.0,Canadian Dollar
4897,79.0,Canadian Dollar
4898,0.0,-
4899,0.0,-
4900,49.0,Canadian Dollar
4901,62.0,Canadian Dollar
4902,30.0,Canadian Dollar
4903,99.0,Canadian Dollar
4905,0.0,-
4906,37.0,Canadian Dollar
4908,50.0,Canadian Dollar
4910,45.0,Canadian Dollar
4911,35.0,Canadian Dollar
4912,0.0,-
4913,20.0,Canadian Dollar
4914,25.0,Canadian Dollar
4915,25.0,Canadian Dollar
4916,0.0,-
4917,36.0,Canadian Dollar
4918,59.0,Canadian Dollar
4919,42.0,Canadian Dollar
4920,57.0,Canadian Dollar
4921,50.0,Canadian Dollar
4922,89.0,Canadian Dollar
4923,0.0,-
4924,74.0,Canadian Dollar
4925,42.0,Canadian Dollar
4926,0.0,-
4927,35.0,Canadian Dollar
4929,37.0,Canadian Dollar
4930,0.0,-
4931,0.0,-
4932,0.0,-
4933,0.0,-
4936,99.0,Canadian Dollar
4937,0.0,-
4938,36.0,Canadian Dollar
4939,0.0,-
4940,39.0,Canadian Dollar
4942,0.0,-
4943,36.0,Canadian Dollar
4944,66.0,Canadian Dollar
4945,0.0,-
4946,63.0,Canadian Dollar
4947,41.0,Canadian Dollar
4948,92.0,Canadian Dollar
4949,0.0,-
4950,0.0,-
4951,99.0,Canadian Dollar
4952,0.0,-
4953,0.0,-
4954,0.0,-
4955,22.0,Canadian Dollar
4958,60.0,Canadian Dollar
4959,0.0,-
4961,96.0,Canadian Dollar
4962,40.0,Canadian Dollar
4963,0.0,-
4965,0.0,-
4966,65.0,Canadian Dollar
4967,0.0,-
4968,60.0,Canadian Dollar
4969,38.0,Canadian Dollar
4970,0.0,-
4971,0.0,-
4972,0.0,-
4973,32.0,Canadian Dollar
4974,0.0,-
4975,0.0,-
4976,64.0,Canadian Dollar
4977,25.0,Canadian Dollar
4978,30.0,Canadian Dollar
4979,30.0,Canadian Dollar
4980,95.0,Canadian Dollar
4981,0.0,-
4982,38.0,Canadian Dollar
4983,109.0,Canadian Dollar
4984,0.0,-
4985,42.0,Canadian Dollar
4986,30.0,Canadian Dollar
4988,25.0,Canadian Dollar
4989,0.0,-
4990,16.0,Canadian Dollar
4991,0.0,-
4992,25.0,Canadian Dollar
4993,50.0,Canadian Dollar
4994,0.0,-
4995,0.0,-
4996,0.0,-
4998,11.0,Canadian Dollar
5000,50.0,Canadian Dollar
5001,0.0,-
5002,43.0,Canadian Dollar
5003,37.0,Canadian Dollar
5005,23.0,Canadian Dollar
5006,41.0,Canadian Dollar
5007,36.0,Canadian Dollar
5008,31.0,Canadian Dollar
5009,29.0,Canadian Dollar
5010,45.0,Canadian Dollar
5011,28.0,Canadian Dollar
5012,139.0,Canadian Dollar
5013,0.0,-
5016,0.0,-
5017,0.0,-
5018,0.0,-
5019,0.0,-
5020,0.0,-
5021,0.0,-
5022,0.0,-
5023,0.0,-
5024,0.0,-
5025,0.0,-
5026,0.0,-
5027,0.0,-
5028,280.0,Chinese Yuan
5029,0.0,-
5030,0.0,-
5031,0.0,-
5032,0.0,-
5033,0.0,-
5034,0.0,-
5035,0.0,-
5036,0.0,-
5037,0.0,-
5038,0.0,-
5039,0.0,-
5040,0.0,-
5041,0.0,-
5042,0.0,-
5043,0.0,-
5044,0.0,-
5045,0.0,-
5046,320.0,Chinese Yuan
5047,0.0,-
5048,0.0,-
5049,0.0,-
5050,0.0,-
5051,0.0,-
5052,0.0,-
5053,0.0,-
5054,870.0,Chinese Yuan
5055,0.0,-
5056,0.0,-
5057,0.0,-
5058,0.0,-
5059,0.0,-
5060,0.0,-
5061,0.0,-
5062,390.0,Chinese Yuan
5063,0.0,-
5064,0.0,-
5065,0.0,-
5066,0.0,-
5067,0.0,-
5068,0.0,-
5069,0.0,-
5070,0.0,-
5071,0.0,-
5072,0.0,-
5073,390.0,Chinese Yuan
5074,0.0,-
5075,0.0,-
5076,0.0,-
5077,0.0,-
5078,150.0,Chinese Yuan
5079,0.0,-
5080,0.0,-
5081,0.0,-
5082,0.0,-
5083,0.0,-
5084,0.0,-
5085,0.0,-
5086,0.0,-
5087,0.0,-
5088,0.0,-
5089,0.0,-
5090,0.0,-
5091,0.0,-
5092,0.0,-
5093,0.0,-
5094,0.0,-
5095,0.0,-
5096,0.0,-
5097,430.0,Chinese Yuan
5098,0.0,-
5099,0.0,-
5100,0.0,-
5101,0.0,-
5102,360.0,Chinese Yuan
5103,0.0,-
5104,0.0,-
5105,0.0,-
5106,0.0,-
5107,0.0,-
5108,0.0,-
5109,0.0,-
5110,0.0,-
5111,0.0,-
5112,390.0,Chinese Yuan
5113,0.0,-
5114,0.0,-
5115,0.0,-
5116,0.0,-
5117,0.0,-
5118,0.0,-
5119,0.0,-
5120,0.0,-
5121,0.0,-
5122,0.0,-
5123,0.0,-
5124,0.0,-
5125,0.0,-
5126,0.0,-
5127,0.0,-
5128,0.0,-
5129,0.0,-
5130,0.0,-
5131,0.0,-
5132,1100.0,Chinese Yuan
5133,0.0,-
5134,0.0,-
5135,0.0,-
5136,0.0,-
5137,0.0,-
5138,0.0,-
5139,0.0,-
5140,0.0,-
5141,0.0,-
5142,0.0,-
5143,0.0,-
5144,0.0,-
5145,0.0,-
5146,218.0,Chinese Yuan
5147,0.0,-
5148,0.0,-
5149,0.0,-
5150,0.0,-
5151,0.0,-
5152,428.0,Chinese Yuan
5153,0.0,-
5154,0.0,-
5155,0.0,-
5156,0.0,-
5157,2600.0,Russian ruble
5158,0.0,-
5159,0.0,-
5160,0.0,-
5161,1500.0,Russian ruble
5162,0.0,-
5163,0.0,-
5164,1300.0,Russian ruble
5165,450.0,South African rand
5166,0.0,-
5167,0.0,-
5168,0.0,-
5169,0.0,-
5170,0.0,-
5171,0.0,-
5172,0.0,-
5173,3000.0,Kazakhstani tenge
5174,0.0,-
5175,9500.0,Kazakhstani tenge
5176,0.0,-
5177,0.0,-
5178,0.0,-
5179,0.0,-
5180,0.0,-
5181,0.0,-
5182,0.0,-
5183,0.0,-
5184,1200.0,Kyrgyzstani som
5185,1000.0,Kyrgyzstani som
5186,0.0,-
5187,0.0,-
5188,1000.0,Kyrgyzstani som
5189,0.0,-
5190,0.0,-
5191,0.0,-
5192,0.0,-
5193,0.0,-
5194,0.0,-
5195,0.0,-
5196,0.0,-
5197,0.0,-
5198,0.0,-
5199,11000.0,Armenian Dram
5200,69000.0,South Korean won
5201,50000.0,South Korean won
5202,69000.0,South Korean won
5203,0.0,-
5204,0.0,-
5205,76000.0,South Korean won
5206,0.0,-
5207,0.0,-
5208,0.0,-
5209,73000.0,South Korean won
5210,0.0,-
5211,0.0,-
5212,0.0,-
5213,0.0,-
5214,76000.0,South Korean won
5215,0.0,-
5216,0.0,-
5217,72000.0,South Korean won
5218,0.0,-
5219,0.0,-
5220,76000.0,South Korean won
5221,0.0,-
5222,50.0,New Zealand Dollar
5223,0.0,-
5224,0.0,-
5225,75.0,New Zealand Dollar
5226,110.0,New Zealand Dollar
5227,0.0,-
5228,119.0,New Zealand Dollar
5229,75.0,New Zealand Dollar
5230,0.0,-
5231,60.0,New Zealand Dollar
5232,60.0,New Zealand Dollar
5233,0.0,-
5234,45.0,New Zealand Dollar
5235,0.0,-
5236,79.0,New Zealand Dollar
5237,0.0,-
5238,75.0,New Zealand Dollar
5239,0.0,-
5240,82.0,New Zealand Dollar
5241,99.0,New Zealand Dollar
5242,0.0,-
5243,75.0,New Zealand Dollar
5244,86.0,New Zealand Dollar
5245,99.0,New Zealand Dollar
5246,0.0,-
5247,80.0,New Zealand Dollar
5248,0.0,-
5249,84.0,New Zealand Dollar
5250,68.0,New Zealand Dollar
5251,0.0,-
5252,0.0,-
5253,0.0,-
5254,69.0,New Zealand Dollar
5255,119.0,New Zealand Dollar
5256,110.0,New Zealand Dollar
5257,65.0,New Zealand Dollar
5258,119.0,New Zealand Dollar
5259,119.0,New Zealand Dollar
5260,0.0,-
5261,0.0,-
5262,0.0,-
5263,0.0,-
5264,0.0,-
5265,0.0,-
5266,0.0,-
5267,0.0,-
5268,22.1,Danish Krone
5269,0.0,-
5270,0.0,-
5271,0.0,-
5272,32000.0,Chiliean Peso
5273,23000.0,Chiliean Peso
5274,375.0,US Dollar
5275,26000.0,Chiliean Peso
5276,19000.0,Chiliean Peso
5277,37500.0,Chiliean Peso
5278,49000.0,Chiliean Peso
5279,16000.0,Chiliean Peso
5280,46500.0,Chiliean Peso
5281,25000.0,Chiliean Peso
5282,25000.0,Chiliean Peso
5283,44000.0,Chiliean Peso
5284,26000.0,Chiliean Peso
5285,44000.0,Chiliean Peso
5286,0.0,-
5287,15000.0,Chiliean Peso
5288,49000.0,Chiliean Peso
5289,36000.0,Chiliean Peso
5290,0.0,-
5291,0.0,-
5292,0.0,-
5293,0.0,-
5294,1600.0,Indian rupee
5295,0.0,-
5296,0.0,-
5297,0.0,-
5298,0.0,-
5299,0.0,-
5300,0.0,-
5301,0.0,-
5302,0.0,-
5303,0.0,-
5304,0.0,-
5305,0.0,-
5306,0.0,-
5307,0.0,-
5308,0.0,-
5309,0.0,-
5310,0.0,-
5311,0.0,-
5312,0.0,-
5313,0.0,-
5314,0.0,-
5315,0.0,-
5316,0.0,-
5317,0.0,-
5318,0.0,-
5319,850.0,Russian ruble
5320,0.0,-
5321,0.0,-
5322,0.0,-
5323,1100.0,Russian ruble
5324,0.0,-
5325,0.0,-
5326,12.0,European Euro
5327,0.0,-
5328,13.0,European Euro
5329,0.0,-
5330,17.0,European Euro
5331,0.0,-
5332,12.0,European Euro
5333,0.0,-
5334,20.0,European Euro
5335,0.0,-
5336,20.0,European Euro
5337,10.0,European Euro
5338,40.0,Georgian Lari
5339,0.0,-
5340,25.0,Georgian Lari
5341,40.0,Georgian Lari
5342,40.0,Georgian Lari
5343,0.0,-
5344,0.0,-
5345,4000.0,Hungarian forint
5346,0.0,-
5347,0.0,-
5348,5500.0,Hungarian forint
5349,0.0,-
5350,6000.0,Hungarian forint
5351,2500.0,Hungarian forint
5352,3000.0,Hungarian forint
5353,4900.0,Hungarian forint
5354,0.0,-
5355,6700.0,Hungarian forint
5356,1000.0,Hungarian forint
5357,4100.0,Hungarian forint
5358,500.0,Argentine Peso
5359,1330.0,Argentine Peso
5360,1062.0,Argentine Peso
5361,0.0,-
5362,1230.0,Argentine Peso
5363,1280.0,Argentine Peso
5364,490.0,Argentine Peso
5365,85.0,Argentine Peso
5366,1330.0,Argentine Peso
5367,0.0,-
5368,0.0,-
5369,900.0,Argentine Peso
5370,1270.0,Argentine Peso
5371,750.0,Argentine Peso
5372,350.0,Argentine Peso
5373,0.0,-
5374,0.0,-
5375,0.0,-
5376,765.0,Argentine Peso
5377,0.0,-
5378,0.0,-
5379,0.0,-
5380,310.0,United Arab Emerites
5381,0.0,-
5382,0.0,-
5383,0.0,-
5384,100.0,Croatian Kuna
5385,0.0,-
5386,75.0,Croatian Kuna
5387,0.0,-
5388,0.0,-
5389,0.0,-
5390,100.0,Croatian Kuna
5391,60.0,Croatian Kuna
5392,0.0,-
5393,70.0,Australian dollar
5394,103.0,Australian dollar
5395,30.0,Australian dollar
5396,0.0,-
5397,0.0,-
5398,129.0,Australian dollar
5399,0.0,-
5400,80.0,Australian dollar
5401,129.0,Australian dollar
5402,30.0,Australian dollar
5403,129.0,Australian dollar
5404,0.0,-
5405,90.0,Australian dollar
5406,0.0,-
5407,125.0,Australian dollar
5408,0.0,-
5409,0.0,-
5410,0.0,-
5411,0.0,-
5412,0.0,-
5413,0.0,-
5414,0.0,-
5415,0.0,-
5416,0.0,-
5417,0.0,-
5418,0.0,-
5419,0.0,-
5420,30200.0,Lebanese pound
5421,0.0,-
5422,90600.0,Lebanese pound
5423,0.0,-
5424,0.0,-
5425,60000.0,Lebanese pound
5426,65000.0,Lebanese pound
5427,0.0,-
5428,0.0,-
5429,0.0,-
5430,1600.0,Russian ruble
5431,0.0,-
5432,0.0,-
5433,0.0,-
5434,0.0,-
5435,0.0,-
5436,0.0,-
5437,0.0,-
5438,0.0,-
5439,0.0,-
5440,24.0,European Euro
5441,0.0,-
5442,18.0,European Euro
5443,0.0,-
5444,0.0,-
5445,0.0,-
5446,0.0,-
5447,0.0,-
5448,0.0,-
5449,0.0,-
5450,0.0,-
5451,220.0,South African rand
5452,0.0,-
5453,440.0,South African rand
5454,250.0,Israeli new shekel
5455,280.0,Israeli new shekel
5456,0.0,-
5457,0.0,-
5458,0.0,-
5459,0.0,-
5460,0.0,-
5461,0.0,-
5462,0.0,-
5463,0.0,-
5464,0.0,-
5465,0.0,-
5466,0.0,-
5467,25.0,European Euro
5468,26.0,Azerbaijani manat
5469,0.0,-
5470,0.0,-
5471,0.0,-
5472,0.0,-
5474,0.0,-
5475,0.0,-
5476,69500.0,Mongolian togrog
5477,0.0,-
5478,18.0,European Euro
